date,Open,High,Low,Close,Volume
2020-05-12 09:31:00,0.4941,0.495,0.4875,0.49,2764327.0
2020-05-12 09:32:00,0.4887,0.49,0.485,0.4863,132154.0
2020-05-12 09:33:00,0.4861,0.487,0.478,0.4787,277038.0
2020-05-12 09:34:00,0.4802,0.4846,0.4765,0.4799,238488.0
2020-05-12 09:35:00,0.4789,0.4825,0.4721,0.4723,209689.0
2020-05-12 09:36:00,0.47,0.48,0.47,0.48,110654.0
2020-05-12 09:37:00,0.4788,0.4789,0.475,0.4787,68758.0
2020-05-12 09:38:00,0.4781,0.4823,0.4763,0.4781,160026.0
2020-05-12 09:39:00,0.477,0.4787,0.4702,0.4702,130203.0
2020-05-12 09:40:00,0.4702,0.4749,0.47,0.4739,185861.0
2020-05-12 09:41:00,0.472,0.4735,0.47,0.47,200146.0
2020-05-12 09:42:00,0.47,0.4726,0.4695,0.4699,119054.0
2020-05-12 09:43:00,0.47,0.47,0.465,0.465,196035.0
2020-05-12 09:44:00,0.4652,0.4711,0.4049,0.411,1139503.0
2020-05-12 09:45:00,0.42,0.45,0.41,0.44,933390.0
2020-05-12 09:46:00,0.4461,0.4588,0.4441,0.4585,417667.0
2020-05-12 09:47:00,0.4574,0.4704,0.4537,0.4667,334858.0
2020-05-12 09:48:00,0.4656,0.47,0.4656,0.4698,162898.0
2020-05-12 09:49:00,0.4699,0.4699,0.4682,0.4682,194885.0
2020-05-12 09:50:00,0.4681,0.4681,0.463,0.463,154678.0
2020-05-12 09:51:00,0.4647,0.4647,0.46,0.4621,196394.0
2020-05-12 09:52:00,0.4613,0.4655,0.4341,0.4497,411893.0
2020-05-12 09:53:00,0.4453,0.4496,0.442,0.4455,170068.0
2020-05-12 09:54:00,0.45,0.45,0.45,0.45,146167.0
2020-05-12 09:55:00,0.4499,0.4499,0.4476,0.4495,104712.0
2020-05-12 09:56:00,0.4493,0.4498,0.4481,0.4483,43956.0
2020-05-12 09:57:00,0.4497,0.4498,0.4483,0.4494,74165.0
2020-05-12 09:58:00,0.4494,0.4494,0.441,0.442,182965.0
2020-05-12 09:59:00,0.4412,0.442,0.44,0.4418,110947.0
2020-05-12 10:00:00,0.44,0.45,0.44,0.44,62638.0
2020-05-12 10:01:00,0.442,0.45,0.442,0.4462,128866.0
2020-05-12 10:02:00,0.4461,0.4596,0.4461,0.4574,125039.0
2020-05-12 10:03:00,0.4597,0.4645,0.4594,0.4599,148823.0
2020-05-12 10:04:00,0.4594,0.46,0.4568,0.4598,61681.0
2020-05-12 10:05:00,0.4599,0.4668,0.459,0.4613,124137.0
2020-05-12 10:06:00,0.4669,0.4716,0.4654,0.467,54239.0
2020-05-12 10:07:00,0.4651,0.4669,0.464,0.4649,45406.0
2020-05-12 10:08:00,0.4649,0.465,0.4607,0.4608,50885.0
2020-05-12 10:09:00,0.4608,0.4608,0.455,0.455,55104.0
2020-05-12 10:10:00,0.4589,0.46,0.455,0.46,153658.0
2020-05-12 10:11:00,0.46,0.4607,0.4552,0.4556,62771.0
2020-05-12 10:12:00,0.4555,0.4607,0.4555,0.46,39121.0
2020-05-12 10:13:00,0.46,0.4616,0.4563,0.4583,37898.0
2020-05-12 10:14:00,0.4594,0.46,0.4571,0.46,38067.0
2020-05-12 10:15:00,0.4592,0.4616,0.4585,0.46,45173.0
2020-05-12 10:16:00,0.46,0.47,0.46,0.46,21749.0
2020-05-12 10:17:00,0.4635,0.4635,0.4617,0.4621,25613.0
2020-05-12 10:18:00,0.4635,0.467,0.463,0.4651,68417.0
2020-05-12 10:19:00,0.467,0.467,0.465,0.467,73776.0
2020-05-12 10:20:00,0.4668,0.468,0.4668,0.468,50269.0
2020-05-12 10:21:00,0.468,0.4699,0.468,0.4698,55171.0
2020-05-12 10:22:00,0.4689,0.4689,0.468,0.4689,78111.0
2020-05-12 10:23:00,0.4689,0.4689,0.4687,0.4689,22961.0
2020-05-12 10:24:00,0.4688,0.4689,0.468,0.468,58326.0
2020-05-12 10:25:00,0.47,0.47,0.47,0.47,101280.0
2020-05-12 10:26:00,0.4662,0.4669,0.46,0.4641,24336.0
2020-05-12 10:27:00,0.4641,0.4679,0.4641,0.466,19090.0
2020-05-12 10:28:00,0.468,0.468,0.4641,0.4665,24584.0
2020-05-12 10:29:00,0.4651,0.4679,0.465,0.4667,15803.0
2020-05-12 10:30:00,0.4659,0.4679,0.4658,0.4666,16000.0
2020-05-12 10:31:00,0.4674,0.4723,0.4644,0.4669,20375.0
2020-05-12 10:32:00,0.4651,0.4678,0.465,0.465,16517.0
2020-05-12 10:33:00,0.4668,0.4669,0.465,0.466,31631.0
2020-05-12 10:34:00,0.47,0.47,0.47,0.47,21620.0
2020-05-12 10:35:00,0.466,0.4679,0.4656,0.4665,27693.0
2020-05-12 10:36:00,0.4656,0.4679,0.4655,0.4679,41389.0
2020-05-12 10:37:00,0.468,0.4735,0.4675,0.4735,59707.0
2020-05-12 10:38:00,0.4735,0.475,0.4714,0.4735,41482.0
2020-05-12 10:39:00,0.4735,0.475,0.4735,0.4743,30778.0
2020-05-12 10:40:00,0.4743,0.4766,0.4736,0.4759,29011.0
2020-05-12 10:41:00,0.4759,0.4765,0.4735,0.4765,17992.0
2020-05-12 10:42:00,0.4766,0.4766,0.4731,0.4735,36314.0
2020-05-12 10:43:00,0.4748,0.4748,0.4731,0.4734,13716.0
2020-05-12 10:44:00,0.4733,0.4735,0.4731,0.4732,14125.0
2020-05-12 10:45:00,0.4731,0.4732,0.4731,0.4732,25075.0
2020-05-12 10:46:00,0.4731,0.4732,0.4731,0.4732,34150.0
2020-05-12 10:47:00,0.4731,0.475,0.4731,0.4732,16432.0
2020-05-12 10:48:00,0.4734,0.4734,0.4731,0.4732,18167.0
2020-05-12 10:49:00,0.4731,0.475,0.472,0.474,59313.0
2020-05-12 10:50:00,0.475,0.475,0.47,0.472,25556.0
2020-05-12 10:51:00,0.4705,0.472,0.47,0.4701,38029.0
2020-05-12 10:52:00,0.47,0.48,0.47,0.47,16694.0
2020-05-12 10:53:00,0.47,0.4701,0.4679,0.4679,53618.0
2020-05-12 10:54:00,0.4679,0.4679,0.465,0.465,7653.0
2020-05-12 10:55:00,0.465,0.4663,0.461,0.464,23728.0
2020-05-12 10:56:00,0.461,0.4617,0.46,0.4602,17192.0
2020-05-12 10:57:00,0.4601,0.4691,0.46,0.4689,79569.0
2020-05-12 10:58:00,0.4691,0.4735,0.4648,0.4675,49849.0
2020-05-12 10:59:00,0.4691,0.4734,0.4647,0.4689,14276.0
2020-05-12 11:00:00,0.47,0.47,0.47,0.47,9493.0
2020-05-12 11:01:00,0.4667,0.4688,0.465,0.4688,30299.0
2020-05-12 11:02:00,0.4669,0.4688,0.465,0.4669,5139.0
2020-05-12 11:03:00,0.4688,0.4688,0.465,0.465,9639.0
2020-05-12 11:04:00,0.465,0.4679,0.465,0.4677,17769.0
2020-05-12 11:05:00,0.4677,0.4677,0.4651,0.4674,28888.0
2020-05-12 11:06:00,0.47,0.47,0.47,0.47,6321.0
2020-05-12 11:07:00,0.4674,0.4675,0.4651,0.4674,20263.0
2020-05-12 11:08:00,0.4673,0.4674,0.4665,0.4674,8126.0
2020-05-12 11:09:00,0.4673,0.4674,0.4655,0.4674,13879.0
2020-05-12 11:10:00,0.4655,0.4675,0.465,0.465,25027.0
2020-05-12 11:11:00,0.465,0.465,0.464,0.4641,23570.0
2020-05-12 11:12:00,0.465,0.465,0.4621,0.4649,21159.0
2020-05-12 11:13:00,0.4627,0.4649,0.462,0.4649,45656.0
2020-05-12 11:14:00,0.4649,0.465,0.4621,0.4622,17247.0
2020-05-12 11:15:00,0.465,0.465,0.4622,0.4636,23498.0
2020-05-12 11:16:00,0.4647,0.465,0.4623,0.4636,6630.0
2020-05-12 11:17:00,0.4625,0.465,0.4625,0.4649,11642.0
2020-05-12 11:18:00,0.4649,0.465,0.4625,0.4625,10075.0
2020-05-12 11:19:00,0.4626,0.4649,0.4625,0.4625,7346.0
2020-05-12 11:20:00,0.4641,0.4649,0.4625,0.4625,5891.0
2020-05-12 11:21:00,0.4636,0.4645,0.4626,0.4626,20437.0
2020-05-12 11:22:00,0.4644,0.4645,0.4626,0.4627,8429.0
2020-05-12 11:23:00,0.4645,0.4645,0.4632,0.4635,11767.0
2020-05-12 11:24:00,0.463,0.464,0.463,0.4635,22179.0
2020-05-12 11:25:00,0.463,0.463,0.4621,0.4624,21771.0
2020-05-12 11:26:00,0.4622,0.4628,0.4605,0.4606,46583.0
2020-05-12 11:27:00,0.461,0.462,0.46,0.462,27961.0
2020-05-12 11:28:00,0.46,0.462,0.46,0.4609,38133.0
2020-05-12 11:29:00,0.46,0.4614,0.46,0.46,25308.0
2020-05-12 11:30:00,0.4604,0.4606,0.4602,0.4606,15354.0
2020-05-12 11:31:00,0.4603,0.4603,0.455,0.455,101364.0
2020-05-12 11:32:00,0.455,0.4554,0.4501,0.4501,75408.0
2020-05-12 11:33:00,0.45,0.46,0.45,0.45,75220.0
2020-05-12 11:34:00,0.451,0.4549,0.451,0.4538,16801.0
2020-05-12 11:35:00,0.4549,0.4585,0.4549,0.4582,90340.0
2020-05-12 11:36:00,0.4584,0.4585,0.4583,0.4585,35957.0
2020-05-12 11:37:00,0.4584,0.4585,0.4583,0.4585,106384.0
2020-05-12 11:38:00,0.4583,0.46,0.4551,0.4573,31154.0
2020-05-12 11:39:00,0.4556,0.46,0.4555,0.4556,7132.0
2020-05-12 11:40:00,0.4556,0.46,0.4555,0.4598,15152.0
2020-05-12 11:41:00,0.46,0.4645,0.46,0.4601,22519.0
2020-05-12 11:42:00,0.46,0.46,0.46,0.46,5028.0
2020-05-12 11:43:00,0.4596,0.4597,0.4562,0.459,5369.0
2020-05-12 11:44:00,0.4597,0.4597,0.4555,0.4576,38795.0
2020-05-12 11:45:00,0.4587,0.4587,0.4525,0.4558,39989.0
2020-05-12 11:46:00,0.4559,0.4582,0.4525,0.4582,49168.0
2020-05-12 11:47:00,0.4561,0.4582,0.456,0.4561,14200.0
2020-05-12 11:48:00,0.456,0.4581,0.456,0.456,55729.0
2020-05-12 11:49:00,0.456,0.4561,0.456,0.4561,29544.0
2020-05-12 11:50:00,0.4561,0.4561,0.4525,0.456,11726.0
2020-05-12 11:51:00,0.46,0.46,0.46,0.46,12349.0
2020-05-12 11:52:00,0.4558,0.4559,0.45,0.45,61182.0
2020-05-12 11:53:00,0.4501,0.4548,0.45,0.4548,41791.0
2020-05-12 11:54:00,0.45,0.4547,0.45,0.4538,11937.0
2020-05-12 11:55:00,0.45,0.452,0.45,0.452,19448.0
2020-05-12 11:56:00,0.4538,0.454,0.451,0.451,29936.0
2020-05-12 11:57:00,0.451,0.4541,0.451,0.4535,62034.0
2020-05-12 11:58:00,0.4534,0.454,0.452,0.4536,18221.0
2020-05-12 11:59:00,0.4535,0.454,0.4533,0.4536,19354.0
2020-05-12 12:00:00,0.45,0.45,0.45,0.45,29274.0
2020-05-12 12:01:00,0.4537,0.455,0.4521,0.4535,53313.0
2020-05-12 12:02:00,0.4536,0.4559,0.453,0.4536,13448.0
2020-05-12 12:03:00,0.4535,0.455,0.4535,0.455,18167.0
2020-05-12 12:04:00,0.4536,0.4545,0.4536,0.4537,12697.0
2020-05-12 12:05:00,0.4545,0.455,0.4544,0.4549,15813.0
2020-05-12 12:06:00,0.4559,0.4599,0.4559,0.459,41015.0
2020-05-12 12:07:00,0.4599,0.46,0.458,0.4595,20434.0
2020-05-12 12:08:00,0.4598,0.46,0.459,0.46,17875.0
2020-05-12 12:09:00,0.4599,0.46,0.4595,0.46,13799.0
2020-05-12 12:10:00,0.46,0.4611,0.4585,0.46,26619.0
2020-05-12 12:11:00,0.4605,0.4606,0.46,0.4606,22038.0
2020-05-12 12:12:00,0.4605,0.461,0.4603,0.4603,7046.0
2020-05-12 12:13:00,0.461,0.4612,0.4603,0.4603,18501.0
2020-05-12 12:14:00,0.46,0.47,0.46,0.46,6036.0
2020-05-12 12:15:00,0.4612,0.463,0.4604,0.463,13694.0
2020-05-12 12:16:00,0.462,0.4627,0.4612,0.4612,10761.0
2020-05-12 12:17:00,0.4626,0.4626,0.4612,0.4626,27025.0
2020-05-12 12:18:00,0.4626,0.465,0.4626,0.4649,8824.0
2020-05-12 12:19:00,0.4626,0.465,0.4613,0.4632,35210.0
2020-05-12 12:20:00,0.465,0.465,0.46,0.4614,22889.0
2020-05-12 12:21:00,0.4601,0.4639,0.458,0.4632,105414.0
2020-05-12 12:22:00,0.4635,0.4635,0.458,0.4606,34869.0
2020-05-12 12:23:00,0.46,0.46,0.46,0.46,13420.0
2020-05-12 12:24:00,0.4599,0.4599,0.458,0.458,15837.0
2020-05-12 12:25:00,0.458,0.459,0.457,0.457,7191.0
2020-05-12 12:26:00,0.4559,0.4594,0.455,0.4594,17828.0
2020-05-12 12:27:00,0.4574,0.4594,0.455,0.455,17558.0
2020-05-12 12:28:00,0.4594,0.4594,0.455,0.4574,6094.0
2020-05-12 12:29:00,0.4574,0.4594,0.455,0.459,4268.0
2020-05-12 12:30:00,0.459,0.46,0.459,0.459,29795.0
2020-05-12 12:31:00,0.4597,0.46,0.4591,0.4599,12666.0
2020-05-12 12:32:00,0.46,0.46,0.46,0.46,15883.0
2020-05-12 12:33:00,0.46,0.4649,0.46,0.4649,7998.0
2020-05-12 12:34:00,0.4648,0.4648,0.4601,0.4623,10130.0
2020-05-12 12:35:00,0.4644,0.4645,0.4601,0.4624,5179.0
2020-05-12 12:36:00,0.4623,0.4626,0.4623,0.4624,8192.0
2020-05-12 12:37:00,0.4623,0.4625,0.462,0.462,13215.0
2020-05-12 12:38:00,0.4625,0.4625,0.462,0.462,5827.0
2020-05-12 12:39:00,0.462,0.4623,0.46,0.4608,14268.0
2020-05-12 12:40:00,0.4601,0.462,0.46,0.461,7593.0
2020-05-12 12:41:00,0.46,0.47,0.46,0.46,11780.0
2020-05-12 12:42:00,0.46,0.462,0.46,0.462,9525.0
2020-05-12 12:43:00,0.4615,0.462,0.461,0.4611,4597.0
2020-05-12 12:44:00,0.4615,0.462,0.4615,0.4615,20348.0
2020-05-12 12:45:00,0.4616,0.4625,0.46,0.462,30303.0
2020-05-12 12:46:00,0.4625,0.4625,0.4612,0.4618,13989.0
2020-05-12 12:47:00,0.4614,0.4614,0.46,0.4612,10763.0
2020-05-12 12:48:00,0.4606,0.4606,0.4596,0.46,15512.0
2020-05-12 12:49:00,0.4604,0.4604,0.4595,0.4595,12330.0
2020-05-12 12:50:00,0.46,0.46,0.46,0.46,12188.0
2020-05-12 12:51:00,0.4599,0.4624,0.4599,0.4624,20451.0
2020-05-12 12:52:00,0.4621,0.4623,0.4618,0.4618,12930.0
2020-05-12 12:53:00,0.4619,0.462,0.4618,0.462,20806.0
2020-05-12 12:54:00,0.4618,0.462,0.4618,0.462,2445.0
2020-05-12 12:55:00,0.462,0.462,0.4619,0.462,21866.0
2020-05-12 12:56:00,0.4619,0.462,0.4603,0.4607,12453.0
2020-05-12 12:57:00,0.461,0.461,0.4607,0.4609,15111.0
2020-05-12 12:58:00,0.461,0.461,0.4609,0.4609,11956.0
2020-05-12 12:59:00,0.461,0.461,0.4609,0.461,22114.0
2020-05-12 13:00:00,0.46,0.46,0.46,0.46,35869.0
2020-05-12 13:01:00,0.4619,0.462,0.4619,0.462,4747.0
2020-05-12 13:02:00,0.4615,0.4625,0.4615,0.4625,8471.0
2020-05-12 13:03:00,0.4621,0.4625,0.462,0.462,3706.0
2020-05-12 13:04:00,0.46,0.47,0.46,0.46,9888.0
2020-05-12 13:05:00,0.4625,0.4625,0.4618,0.4623,6665.0
2020-05-12 13:06:00,0.4623,0.4624,0.4601,0.4624,3908.0
2020-05-12 13:07:00,0.462,0.462,0.46,0.4603,5321.0
2020-05-12 13:08:00,0.462,0.462,0.4601,0.462,22781.0
2020-05-12 13:09:00,0.4602,0.462,0.4601,0.462,4854.0
2020-05-12 13:10:00,0.4601,0.4619,0.4601,0.4619,16716.0
2020-05-12 13:11:00,0.4602,0.462,0.4601,0.462,10510.0
2020-05-12 13:12:00,0.4612,0.4625,0.4602,0.4625,19663.0
2020-05-12 13:13:00,0.46,0.47,0.46,0.46,12127.0
2020-05-12 13:14:00,0.4601,0.461,0.46,0.46,6819.0
2020-05-12 13:15:00,0.4609,0.4609,0.46,0.46,1292.0
2020-05-12 13:16:00,0.4601,0.4609,0.4601,0.4605,7145.0
2020-05-12 13:17:00,0.4605,0.4609,0.4601,0.4601,13337.0
2020-05-12 13:18:00,0.4609,0.4625,0.4601,0.4624,3420.0
2020-05-12 13:19:00,0.4611,0.463,0.461,0.4611,13866.0
2020-05-12 13:20:00,0.4611,0.4611,0.4611,0.4611,8634.0
2020-05-12 13:21:00,0.461,0.4611,0.461,0.461,4094.0
2020-05-12 13:22:00,0.46,0.47,0.46,0.46,19639.0
2020-05-12 13:23:00,0.46,0.461,0.46,0.4609,5338.0
2020-05-12 13:24:00,0.46,0.46,0.46,0.46,11413.0
2020-05-12 13:25:00,0.4601,0.4601,0.46,0.4601,11859.0
2020-05-12 13:26:00,0.4601,0.4601,0.46,0.46,7668.0
2020-05-12 13:27:00,0.46,0.46,0.46,0.46,3721.0
2020-05-12 13:28:00,0.46,0.4601,0.46,0.46,3468.0
2020-05-12 13:29:00,0.4601,0.4601,0.4583,0.46,20575.0
2020-05-12 13:30:00,0.4601,0.4611,0.4556,0.4558,19336.0
2020-05-12 13:31:00,0.46,0.46,0.46,0.46,2476.0
2020-05-12 13:32:00,0.4598,0.4599,0.4557,0.4562,5492.0
2020-05-12 13:33:00,0.4558,0.457,0.4557,0.4558,7326.0
2020-05-12 13:34:00,0.4558,0.4599,0.4558,0.4561,7234.0
2020-05-12 13:35:00,0.4598,0.4598,0.4561,0.4562,12591.0
2020-05-12 13:36:00,0.4598,0.4598,0.4561,0.4562,10882.0
2020-05-12 13:37:00,0.4562,0.4562,0.4561,0.4562,18931.0
2020-05-12 13:38:00,0.4561,0.4561,0.455,0.4561,11376.0
2020-05-12 13:39:00,0.455,0.4561,0.455,0.455,17921.0
2020-05-12 13:40:00,0.46,0.46,0.46,0.46,11997.0
2020-05-12 13:41:00,0.456,0.4561,0.455,0.455,10647.0
2020-05-12 13:42:00,0.455,0.456,0.455,0.455,3338.0
2020-05-12 13:43:00,0.456,0.456,0.455,0.4551,15921.0
2020-05-12 13:44:00,0.4555,0.456,0.455,0.4554,5235.0
2020-05-12 13:45:00,0.4554,0.4558,0.455,0.4555,1003.0
2020-05-12 13:46:00,0.4551,0.4555,0.455,0.4554,3968.0
2020-05-12 13:47:00,0.4555,0.4555,0.4551,0.4555,6567.0
2020-05-12 13:48:00,0.4552,0.4555,0.4552,0.4553,12937.0
2020-05-12 13:49:00,0.4552,0.4555,0.4551,0.4551,8783.0
2020-05-12 13:50:00,0.4555,0.4555,0.4552,0.4552,4346.0
2020-05-12 13:51:00,0.4552,0.4555,0.455,0.4554,6902.0
2020-05-12 13:52:00,0.4552,0.4555,0.455,0.4552,2947.0
2020-05-12 13:53:00,0.4553,0.4555,0.455,0.4552,4391.0
2020-05-12 13:54:00,0.4551,0.4551,0.455,0.455,13073.0
2020-05-12 13:55:00,0.455,0.4551,0.454,0.454,13455.0
2020-05-12 13:56:00,0.454,0.455,0.454,0.454,35970.0
2020-05-12 13:57:00,0.455,0.455,0.454,0.454,11450.0
2020-05-12 13:58:00,0.4541,0.455,0.454,0.4549,33939.0
2020-05-12 13:59:00,0.455,0.455,0.454,0.4549,13754.0
2020-05-12 14:00:00,0.46,0.46,0.45,0.45,2790.0
2020-05-12 14:01:00,0.454,0.4547,0.454,0.454,35060.0
2020-05-12 14:02:00,0.453,0.4535,0.452,0.4535,9956.0
2020-05-12 14:03:00,0.45,0.46,0.45,0.45,17007.0
2020-05-12 14:04:00,0.451,0.4519,0.4506,0.4506,14783.0
2020-05-12 14:05:00,0.4509,0.4509,0.45,0.4506,38488.0
2020-05-12 14:06:00,0.4509,0.4509,0.45,0.45,21433.0
2020-05-12 14:07:00,0.4508,0.4508,0.45,0.4501,11367.0
2020-05-12 14:08:00,0.45,0.4505,0.45,0.45,48960.0
2020-05-12 14:09:00,0.4501,0.4505,0.45,0.4502,23924.0
2020-05-12 14:10:00,0.4501,0.4502,0.45,0.4501,56679.0
2020-05-12 14:11:00,0.4501,0.4502,0.45,0.45,20156.0
2020-05-12 14:12:00,0.45,0.45,0.45,0.45,3812.0
2020-05-12 14:13:00,0.4502,0.4502,0.4501,0.4501,8707.0
2020-05-12 14:14:00,0.4525,0.454,0.45,0.454,21829.0
2020-05-12 14:15:00,0.4527,0.4527,0.451,0.451,52106.0
2020-05-12 14:16:00,0.4514,0.4514,0.451,0.451,15182.0
2020-05-12 14:17:00,0.451,0.4514,0.451,0.451,10491.0
2020-05-12 14:18:00,0.451,0.451,0.451,0.451,594.0
2020-05-12 14:19:00,0.4512,0.4514,0.4502,0.4514,19006.0
2020-05-12 14:20:00,0.451,0.451,0.4505,0.4505,6815.0
2020-05-12 14:21:00,0.45,0.46,0.45,0.45,2685.0
2020-05-12 14:22:00,0.4505,0.4505,0.4502,0.4504,9051.0
2020-05-12 14:23:00,0.4505,0.4514,0.4502,0.4502,26766.0
2020-05-12 14:24:00,0.4502,0.4513,0.4502,0.4503,5529.0
2020-05-12 14:25:00,0.4502,0.4526,0.4502,0.4504,8940.0
2020-05-12 14:26:00,0.4502,0.4505,0.4502,0.4503,1904.0
2020-05-12 14:27:00,0.4504,0.4505,0.4503,0.4503,8121.0
2020-05-12 14:28:00,0.4503,0.4505,0.4502,0.4503,7610.0
2020-05-12 14:29:00,0.4502,0.4503,0.4502,0.4503,14875.0
2020-05-12 14:30:00,0.45,0.45,0.45,0.45,20594.0
2020-05-12 14:31:00,0.4502,0.4503,0.4502,0.4502,15585.0
2020-05-12 14:32:00,0.4502,0.4503,0.4502,0.4502,29246.0
2020-05-12 14:33:00,0.4503,0.4503,0.4502,0.4502,3810.0
2020-05-12 14:34:00,0.4502,0.4503,0.4502,0.4502,11130.0
2020-05-12 14:35:00,0.4502,0.4503,0.4502,0.4502,13373.0
2020-05-12 14:36:00,0.4502,0.4503,0.4502,0.4503,16623.0
2020-05-12 14:37:00,0.4503,0.451,0.4502,0.4505,22174.0
2020-05-12 14:38:00,0.4506,0.4527,0.4506,0.4516,5342.0
2020-05-12 14:39:00,0.4505,0.4516,0.4505,0.4513,15351.0
2020-05-12 14:40:00,0.4512,0.4512,0.4502,0.451,19251.0
2020-05-12 14:41:00,0.4506,0.451,0.4505,0.4505,5487.0
2020-05-12 14:42:00,0.451,0.4534,0.4507,0.4534,39702.0
2020-05-12 14:43:00,0.4533,0.4533,0.4511,0.453,32889.0
2020-05-12 14:44:00,0.451,0.4531,0.451,0.4527,13329.0
2020-05-12 14:45:00,0.4531,0.4549,0.4511,0.4511,22200.0
2020-05-12 14:46:00,0.451,0.4549,0.451,0.4548,5059.0
2020-05-12 14:47:00,0.4531,0.4548,0.4515,0.4548,6822.0
2020-05-12 14:48:00,0.4547,0.4547,0.4532,0.4532,39162.0
2020-05-12 14:49:00,0.4536,0.4536,0.4532,0.4532,9172.0
2020-05-12 14:50:00,0.4532,0.4533,0.4532,0.4532,7919.0
2020-05-12 14:51:00,0.4533,0.4549,0.4533,0.4549,10299.0
2020-05-12 14:52:00,0.4549,0.4549,0.4549,0.4549,2552.0
2020-05-12 14:53:00,0.4545,0.455,0.454,0.455,21319.0
2020-05-12 14:54:00,0.455,0.455,0.454,0.454,5639.0
2020-05-12 14:55:00,0.4549,0.455,0.4541,0.4549,6929.0
2020-05-12 14:56:00,0.4549,0.455,0.4549,0.455,3227.0
2020-05-12 14:57:00,0.455,0.455,0.455,0.455,2152.0
2020-05-12 14:58:00,0.46,0.46,0.46,0.46,8387.0
2020-05-12 14:59:00,0.455,0.455,0.4549,0.455,5054.0
2020-05-12 15:00:00,0.45,0.46,0.45,0.45,6555.0
2020-05-12 15:01:00,0.4549,0.4549,0.454,0.454,2697.0
2020-05-12 15:02:00,0.4548,0.4548,0.4541,0.4543,8494.0
2020-05-12 15:03:00,0.4541,0.4545,0.4541,0.4541,5128.0
2020-05-12 15:04:00,0.4542,0.4542,0.4541,0.4542,2465.0
2020-05-12 15:05:00,0.4541,0.4542,0.4541,0.4541,3786.0
2020-05-12 15:06:00,0.4541,0.4543,0.4541,0.4543,27962.0
2020-05-12 15:07:00,0.4543,0.4544,0.4543,0.4544,12582.0
2020-05-12 15:08:00,0.4544,0.455,0.4542,0.4546,10227.0
2020-05-12 15:09:00,0.4542,0.4544,0.4542,0.4542,1961.0
2020-05-12 15:10:00,0.4542,0.455,0.4541,0.4543,6107.0
2020-05-12 15:11:00,0.4548,0.4549,0.4541,0.4541,5801.0
2020-05-12 15:12:00,0.4545,0.4545,0.4541,0.4541,4412.0
2020-05-12 15:13:00,0.4544,0.4544,0.4541,0.4541,11655.0
2020-05-12 15:14:00,0.4541,0.4543,0.4541,0.4541,4534.0
2020-05-12 15:15:00,0.4542,0.4542,0.454,0.4541,11552.0
2020-05-12 15:16:00,0.4541,0.4541,0.453,0.453,25255.0
2020-05-12 15:17:00,0.453,0.453,0.452,0.4521,4344.0
2020-05-12 15:18:00,0.4505,0.453,0.4503,0.4503,40249.0
2020-05-12 15:19:00,0.452,0.452,0.4504,0.452,4599.0
2020-05-12 15:20:00,0.45,0.46,0.45,0.45,16551.0
2020-05-12 15:21:00,0.4503,0.4504,0.45,0.45,130174.0
2020-05-12 15:22:00,0.4503,0.4503,0.45,0.45,19798.0
2020-05-12 15:23:00,0.45,0.4503,0.45,0.45,18221.0
2020-05-12 15:24:00,0.4503,0.4503,0.45,0.45,59747.0
2020-05-12 15:25:00,0.4503,0.451,0.4503,0.4503,30244.0
2020-05-12 15:26:00,0.4505,0.4509,0.4503,0.4506,11068.0
2020-05-12 15:27:00,0.451,0.4527,0.451,0.4511,30753.0
2020-05-12 15:28:00,0.4527,0.4529,0.4511,0.4524,9083.0
2020-05-12 15:29:00,0.4524,0.4524,0.4514,0.4518,5793.0
2020-05-12 15:30:00,0.4526,0.4526,0.4518,0.4518,4894.0
2020-05-12 15:31:00,0.4519,0.454,0.4511,0.454,20536.0
2020-05-12 15:32:00,0.454,0.454,0.4518,0.4518,20751.0
2020-05-12 15:33:00,0.4546,0.4579,0.4511,0.4511,42232.0
2020-05-12 15:34:00,0.4579,0.4579,0.4511,0.4514,19725.0
2020-05-12 15:35:00,0.4546,0.4579,0.4513,0.4521,7276.0
2020-05-12 15:36:00,0.4581,0.4634,0.4566,0.4592,19086.0
2020-05-12 15:37:00,0.453,0.4596,0.4522,0.4595,81867.0
2020-05-12 15:38:00,0.4551,0.4568,0.4551,0.4568,5860.0
2020-05-12 15:39:00,0.46,0.46,0.46,0.46,4204.0
2020-05-12 15:40:00,0.4568,0.4576,0.4551,0.4576,15047.0
2020-05-12 15:41:00,0.4575,0.4576,0.4521,0.4521,13938.0
2020-05-12 15:42:00,0.4571,0.4571,0.45,0.45,40582.0
2020-05-12 15:43:00,0.4501,0.4564,0.4501,0.4501,11335.0
2020-05-12 15:44:00,0.4501,0.4558,0.4501,0.4501,10410.0
2020-05-12 15:45:00,0.455,0.4593,0.4544,0.4548,12965.0
2020-05-12 15:46:00,0.4501,0.4547,0.4501,0.4501,26728.0
2020-05-12 15:47:00,0.4501,0.454,0.4501,0.4501,14727.0
2020-05-12 15:48:00,0.45,0.46,0.45,0.45,63042.0
2020-05-12 15:49:00,0.4555,0.4557,0.4524,0.4557,15168.0
2020-05-12 15:50:00,0.4555,0.4556,0.4525,0.4543,52164.0
2020-05-12 15:51:00,0.4554,0.4561,0.4554,0.456,2533.0
2020-05-12 15:52:00,0.4562,0.457,0.4562,0.4566,72974.0
2020-05-12 15:53:00,0.4579,0.4593,0.457,0.4593,22788.0
2020-05-12 15:54:00,0.458,0.4593,0.458,0.4591,33377.0
2020-05-12 15:55:00,0.4591,0.4592,0.4591,0.4591,9735.0
2020-05-12 15:56:00,0.459,0.46,0.456,0.4599,99376.0
2020-05-12 15:57:00,0.46,0.46,0.46,0.46,18770.0
2020-05-12 15:58:00,0.4561,0.4598,0.4561,0.4598,24848.0
2020-05-12 15:59:00,0.4598,0.4598,0.4563,0.459,14824.0
2020-05-12 16:00:00,0.46,0.46,0.46,0.46,50456.0
2020-05-13 09:31:00,0.4591,0.4635,0.4468,0.4498,1127723.0
2020-05-13 09:32:00,0.4497,0.4497,0.441,0.441,103429.0
2020-05-13 09:33:00,0.4466,0.4466,0.43,0.432,165412.0
2020-05-13 09:34:00,0.4315,0.4394,0.43,0.4352,153451.0
2020-05-13 09:35:00,0.44,0.44,0.43,0.43,109796.0
2020-05-13 09:36:00,0.432,0.4352,0.4301,0.4351,86792.0
2020-05-13 09:37:00,0.4352,0.4374,0.435,0.4369,179019.0
2020-05-13 09:38:00,0.437,0.4511,0.437,0.4499,154656.0
2020-05-13 09:39:00,0.45,0.4547,0.45,0.4521,84667.0
2020-05-13 09:40:00,0.4547,0.4547,0.4501,0.4525,39607.0
2020-05-13 09:41:00,0.4527,0.4585,0.4468,0.45,108593.0
2020-05-13 09:42:00,0.446,0.4498,0.44,0.44,21856.0
2020-05-13 09:43:00,0.4445,0.4445,0.44,0.4408,31784.0
2020-05-13 09:44:00,0.44,0.45,0.44,0.44,31275.0
2020-05-13 09:45:00,0.441,0.442,0.441,0.441,14108.0
2020-05-13 09:46:00,0.4411,0.4498,0.441,0.4467,48609.0
2020-05-13 09:47:00,0.4459,0.4467,0.4458,0.4463,20180.0
2020-05-13 09:48:00,0.4458,0.4464,0.4458,0.446,53966.0
2020-05-13 09:49:00,0.4458,0.4463,0.44,0.4401,41140.0
2020-05-13 09:50:00,0.4436,0.4459,0.44,0.4431,31301.0
2020-05-13 09:51:00,0.4411,0.4422,0.437,0.4371,70805.0
2020-05-13 09:52:00,0.4373,0.4399,0.435,0.4369,102407.0
2020-05-13 09:53:00,0.44,0.44,0.44,0.44,96305.0
2020-05-13 09:54:00,0.4361,0.437,0.436,0.436,31588.0
2020-05-13 09:55:00,0.436,0.4366,0.435,0.435,9769.0
2020-05-13 09:56:00,0.435,0.439,0.435,0.4354,100593.0
2020-05-13 09:57:00,0.4351,0.439,0.435,0.438,75561.0
2020-05-13 09:58:00,0.439,0.439,0.438,0.4385,11274.0
2020-05-13 09:59:00,0.438,0.4385,0.438,0.438,38569.0
2020-05-13 10:00:00,0.44,0.44,0.44,0.44,34075.0
2020-05-13 10:01:00,0.4381,0.4381,0.437,0.437,24977.0
2020-05-13 10:02:00,0.4352,0.4369,0.435,0.435,18668.0
2020-05-13 10:03:00,0.435,0.436,0.4305,0.4305,57477.0
2020-05-13 10:04:00,0.4305,0.435,0.43,0.4305,48266.0
2020-05-13 10:05:00,0.4305,0.4305,0.43,0.4302,121123.0
2020-05-13 10:06:00,0.43,0.43,0.43,0.43,202650.0
2020-05-13 10:07:00,0.4292,0.4333,0.4261,0.4271,108452.0
2020-05-13 10:08:00,0.4262,0.4286,0.4251,0.4278,76894.0
2020-05-13 10:09:00,0.4253,0.428,0.4251,0.4269,62174.0
2020-05-13 10:10:00,0.4255,0.427,0.422,0.4251,82281.0
2020-05-13 10:11:00,0.425,0.4251,0.4227,0.4251,95273.0
2020-05-13 10:12:00,0.4262,0.427,0.4251,0.427,54815.0
2020-05-13 10:13:00,0.427,0.4279,0.4262,0.4279,53711.0
2020-05-13 10:14:00,0.4275,0.429,0.427,0.429,92378.0
2020-05-13 10:15:00,0.43,0.43,0.43,0.43,140285.0
2020-05-13 10:16:00,0.4305,0.4357,0.4305,0.435,29729.0
2020-05-13 10:17:00,0.4335,0.4349,0.43,0.4321,56249.0
2020-05-13 10:18:00,0.432,0.4335,0.4302,0.4319,36340.0
2020-05-13 10:19:00,0.4302,0.432,0.4302,0.4302,19707.0
2020-05-13 10:20:00,0.4302,0.432,0.4301,0.4319,77475.0
2020-05-13 10:21:00,0.4315,0.432,0.4301,0.4302,45570.0
2020-05-13 10:22:00,0.4302,0.431,0.4301,0.4301,74785.0
2020-05-13 10:23:00,0.4301,0.431,0.43,0.43,25353.0
2020-05-13 10:24:00,0.43,0.43,0.43,0.43,39304.0
2020-05-13 10:25:00,0.43,0.43,0.428,0.428,40829.0
2020-05-13 10:26:00,0.4283,0.4286,0.427,0.427,14206.0
2020-05-13 10:27:00,0.4274,0.4277,0.426,0.4268,15179.0
2020-05-13 10:28:00,0.4272,0.4275,0.4251,0.4252,20831.0
2020-05-13 10:29:00,0.4252,0.427,0.4252,0.427,42636.0
2020-05-13 10:30:00,0.4259,0.427,0.4258,0.4264,26070.0
2020-05-13 10:31:00,0.4263,0.4294,0.4262,0.429,48140.0
2020-05-13 10:32:00,0.4294,0.4299,0.4286,0.4299,21788.0
2020-05-13 10:33:00,0.43,0.43,0.43,0.43,37274.0
2020-05-13 10:34:00,0.4303,0.432,0.4303,0.432,33703.0
2020-05-13 10:35:00,0.4316,0.433,0.4311,0.4328,13488.0
2020-05-13 10:36:00,0.4327,0.4331,0.4321,0.4331,31390.0
2020-05-13 10:37:00,0.4339,0.435,0.4337,0.435,47853.0
2020-05-13 10:38:00,0.435,0.435,0.4316,0.4316,61267.0
2020-05-13 10:39:00,0.4316,0.4349,0.4299,0.431,106477.0
2020-05-13 10:40:00,0.43,0.43,0.427,0.427,36445.0
2020-05-13 10:41:00,0.427,0.4279,0.425,0.4251,33976.0
2020-05-13 10:42:00,0.43,0.43,0.43,0.43,38138.0
2020-05-13 10:43:00,0.4251,0.4279,0.425,0.4262,33473.0
2020-05-13 10:44:00,0.4296,0.4297,0.4261,0.4261,20860.0
2020-05-13 10:45:00,0.4261,0.429,0.4255,0.4258,25248.0
2020-05-13 10:46:00,0.4261,0.4283,0.4255,0.4266,52150.0
2020-05-13 10:47:00,0.4266,0.4282,0.426,0.4262,16376.0
2020-05-13 10:48:00,0.426,0.4282,0.426,0.4282,31207.0
2020-05-13 10:49:00,0.426,0.4282,0.4255,0.4272,21523.0
2020-05-13 10:50:00,0.427,0.4282,0.4255,0.4259,36226.0
2020-05-13 10:51:00,0.43,0.43,0.43,0.43,13279.0
2020-05-13 10:52:00,0.4265,0.4279,0.4265,0.4274,16296.0
2020-05-13 10:53:00,0.4279,0.428,0.427,0.4271,4206.0
2020-05-13 10:54:00,0.4271,0.4271,0.4265,0.4269,16143.0
2020-05-13 10:55:00,0.4265,0.428,0.426,0.4261,15628.0
2020-05-13 10:56:00,0.4278,0.4279,0.426,0.4269,12650.0
2020-05-13 10:57:00,0.426,0.4278,0.4258,0.4259,14655.0
2020-05-13 10:58:00,0.4259,0.4261,0.4251,0.4251,22561.0
2020-05-13 10:59:00,0.4258,0.426,0.425,0.4255,29377.0
2020-05-13 11:00:00,0.43,0.43,0.43,0.43,20203.0
2020-05-13 11:01:00,0.4258,0.4258,0.4251,0.4252,13777.0
2020-05-13 11:02:00,0.4252,0.4252,0.425,0.4251,22304.0
2020-05-13 11:03:00,0.4251,0.4251,0.425,0.4251,32962.0
2020-05-13 11:04:00,0.4251,0.4257,0.425,0.4254,17021.0
2020-05-13 11:05:00,0.43,0.43,0.43,0.43,7745.0
2020-05-13 11:06:00,0.4255,0.4257,0.4251,0.4252,8157.0
2020-05-13 11:07:00,0.4254,0.4254,0.4251,0.4252,44421.0
2020-05-13 11:08:00,0.4253,0.4253,0.4251,0.4252,7663.0
2020-05-13 11:09:00,0.4251,0.4252,0.4251,0.4252,27010.0
2020-05-13 11:10:00,0.4252,0.4252,0.425,0.425,24504.0
2020-05-13 11:11:00,0.425,0.4251,0.425,0.4251,20928.0
2020-05-13 11:12:00,0.4251,0.4252,0.425,0.425,96010.0
2020-05-13 11:13:00,0.4251,0.4252,0.4245,0.425,60917.0
2020-05-13 11:14:00,0.43,0.43,0.43,0.43,33130.0
2020-05-13 11:15:00,0.4252,0.4252,0.4252,0.4252,16212.0
2020-05-13 11:16:00,0.4252,0.427,0.425,0.427,53728.0
2020-05-13 11:17:00,0.427,0.4279,0.427,0.427,24904.0
2020-05-13 11:18:00,0.4276,0.4279,0.4275,0.4277,64358.0
2020-05-13 11:19:00,0.4279,0.4288,0.4276,0.4288,31171.0
2020-05-13 11:20:00,0.4283,0.4287,0.427,0.4274,42218.0
2020-05-13 11:21:00,0.4279,0.4279,0.425,0.425,28565.0
2020-05-13 11:22:00,0.4261,0.4263,0.425,0.426,7460.0
2020-05-13 11:23:00,0.43,0.43,0.43,0.43,34363.0
2020-05-13 11:24:00,0.4263,0.4263,0.4246,0.4252,57467.0
2020-05-13 11:25:00,0.425,0.4259,0.425,0.425,6426.0
2020-05-13 11:26:00,0.4254,0.4256,0.4245,0.4248,21994.0
2020-05-13 11:27:00,0.425,0.4251,0.4246,0.4246,4460.0
2020-05-13 11:28:00,0.4251,0.4251,0.4245,0.4248,35311.0
2020-05-13 11:29:00,0.425,0.4252,0.4246,0.4251,72833.0
2020-05-13 11:30:00,0.4252,0.4252,0.4251,0.4252,38789.0
2020-05-13 11:31:00,0.4252,0.4252,0.4251,0.4252,11639.0
2020-05-13 11:32:00,0.43,0.43,0.43,0.43,40987.0
2020-05-13 11:33:00,0.4252,0.4256,0.4251,0.4254,18035.0
2020-05-13 11:34:00,0.4255,0.4255,0.4253,0.4254,4248.0
2020-05-13 11:36:00,0.4252,0.4255,0.4251,0.4255,68447.0
2020-05-13 11:37:00,0.4254,0.4255,0.4251,0.4252,34185.0
2020-05-13 11:38:00,0.4251,0.4252,0.4251,0.4252,48435.0
2020-05-13 11:39:00,0.4251,0.4255,0.4251,0.4251,67158.0
2020-05-13 11:40:00,0.4252,0.4253,0.4251,0.4253,7962.0
2020-05-13 11:42:00,0.4253,0.4253,0.4252,0.4252,50134.0
2020-05-13 11:45:00,0.4252,0.4252,0.4251,0.4252,72183.0
2020-05-13 11:46:00,0.4252,0.4252,0.4251,0.4252,35599.0
2020-05-13 11:47:00,0.4252,0.4252,0.4251,0.4252,49161.0
2020-05-13 11:48:00,0.4252,0.4252,0.4251,0.4252,59306.0
2020-05-13 11:49:00,0.4251,0.4252,0.4251,0.4252,14008.0
2020-05-13 11:50:00,0.43,0.43,0.43,0.43,24417.0
2020-05-13 11:51:00,0.4251,0.4252,0.4251,0.4252,21629.0
2020-05-13 11:52:00,0.4252,0.4252,0.425,0.4252,28673.0
2020-05-13 11:53:00,0.4252,0.4252,0.424,0.424,101652.0
2020-05-13 11:54:00,0.424,0.4251,0.424,0.4251,16396.0
2020-05-13 11:55:00,0.4251,0.4251,0.4235,0.4238,19899.0
2020-05-13 11:56:00,0.4235,0.4236,0.423,0.423,4291.0
2020-05-13 11:57:00,0.423,0.4232,0.4211,0.4211,36000.0
2020-05-13 11:58:00,0.4211,0.4212,0.421,0.421,47249.0
2020-05-13 11:59:00,0.421,0.4211,0.42,0.4202,164267.0
2020-05-13 12:00:00,0.42,0.42,0.42,0.42,134486.0
2020-05-13 12:01:00,0.4153,0.4188,0.411,0.4114,100719.0
2020-05-13 12:02:00,0.4112,0.4119,0.41,0.4109,127396.0
2020-05-13 12:03:00,0.4109,0.4117,0.405,0.405,110927.0
2020-05-13 12:04:00,0.41,0.41,0.41,0.41,137470.0
2020-05-13 12:05:00,0.4088,0.4122,0.4077,0.4102,124107.0
2020-05-13 12:06:00,0.41,0.42,0.41,0.4193,78411.0
2020-05-13 12:07:00,0.4172,0.4189,0.4131,0.4151,88510.0
2020-05-13 12:08:00,0.418,0.4181,0.415,0.4173,19805.0
2020-05-13 12:09:00,0.4173,0.4173,0.415,0.4156,50225.0
2020-05-13 12:10:00,0.4157,0.4157,0.415,0.4153,27969.0
2020-05-13 12:11:00,0.415,0.4155,0.413,0.413,9891.0
2020-05-13 12:17:00,0.406,0.4061,0.406,0.4061,354114.0
2020-05-13 12:18:00,0.406,0.4061,0.4051,0.4061,46510.0
2020-05-13 12:19:00,0.4071,0.4071,0.406,0.407,20035.0
2020-05-13 12:20:00,0.4071,0.4071,0.4065,0.4071,48418.0
2020-05-13 12:21:00,0.4071,0.4071,0.4065,0.4066,32749.0
2020-05-13 12:22:00,0.41,0.41,0.41,0.41,30857.0
2020-05-13 12:23:00,0.406,0.4065,0.406,0.406,10659.0
2020-05-13 12:24:00,0.4061,0.4064,0.406,0.4062,20067.0
2020-05-13 12:25:00,0.4064,0.4064,0.405,0.405,51809.0
2020-05-13 12:26:00,0.4061,0.4061,0.405,0.4053,6461.0
2020-05-13 12:27:00,0.4055,0.4055,0.405,0.4051,54751.0
2020-05-13 12:28:00,0.405,0.4051,0.405,0.405,9948.0
2020-05-13 12:29:00,0.405,0.4051,0.405,0.4051,17347.0
2020-05-13 12:30:00,0.407,0.41,0.4051,0.4099,33895.0
2020-05-13 12:31:00,0.41,0.41,0.41,0.41,21293.0
2020-05-13 12:32:00,0.4099,0.41,0.4095,0.41,26151.0
2020-05-13 12:33:00,0.4099,0.41,0.4086,0.41,30713.0
2020-05-13 12:34:00,0.41,0.4102,0.41,0.4102,43061.0
2020-05-13 12:35:00,0.41,0.4144,0.41,0.4143,78188.0
2020-05-13 12:36:00,0.4144,0.415,0.4143,0.415,32447.0
2020-05-13 12:37:00,0.415,0.415,0.4144,0.415,18887.0
2020-05-13 12:38:00,0.415,0.415,0.4148,0.415,15137.0
2020-05-13 12:39:00,0.415,0.4176,0.415,0.4176,32253.0
2020-05-13 12:40:00,0.42,0.42,0.42,0.42,15320.0
2020-05-13 12:41:00,0.4172,0.4172,0.417,0.4171,17476.0
2020-05-13 12:42:00,0.4171,0.4171,0.416,0.4162,29894.0
2020-05-13 12:43:00,0.416,0.4161,0.415,0.4155,18937.0
2020-05-13 12:44:00,0.4155,0.4161,0.415,0.4154,25420.0
2020-05-13 12:45:00,0.416,0.4161,0.415,0.415,18173.0
2020-05-13 12:46:00,0.415,0.417,0.4147,0.415,45520.0
2020-05-13 12:47:00,0.4152,0.4152,0.4144,0.4149,8294.0
2020-05-13 12:48:00,0.4148,0.4149,0.4138,0.4139,6981.0
2020-05-13 12:49:00,0.4136,0.4136,0.413,0.4131,7451.0
2020-05-13 12:50:00,0.4132,0.4135,0.4132,0.4133,8676.0
2020-05-13 12:51:00,0.4136,0.4159,0.413,0.413,17825.0
2020-05-13 12:52:00,0.4158,0.4158,0.415,0.415,15315.0
2020-05-13 12:53:00,0.415,0.4158,0.415,0.4154,8131.0
2020-05-13 12:54:00,0.4158,0.4158,0.415,0.4156,8420.0
2020-05-13 12:55:00,0.4153,0.4156,0.4151,0.4151,3867.0
2020-05-13 12:56:00,0.415,0.4156,0.415,0.4155,46692.0
2020-05-13 12:57:00,0.4155,0.4174,0.4154,0.4174,68405.0
2020-05-13 12:58:00,0.4173,0.4174,0.4172,0.4173,27014.0
2020-05-13 12:59:00,0.42,0.42,0.42,0.42,64894.0
2020-05-13 13:00:00,0.42,0.42,0.42,0.42,146426.0
2020-05-13 13:01:00,0.4187,0.425,0.4187,0.4247,56003.0
2020-05-13 13:02:00,0.4248,0.4249,0.4212,0.4222,65841.0
2020-05-13 13:03:00,0.4222,0.4248,0.4222,0.4233,27189.0
2020-05-13 13:04:00,0.4227,0.4233,0.4227,0.4233,12965.0
2020-05-13 13:05:00,0.4233,0.4236,0.423,0.4234,16784.0
2020-05-13 13:06:00,0.4235,0.4235,0.4232,0.4234,20382.0
2020-05-13 13:07:00,0.4234,0.4234,0.4234,0.4234,14214.0
2020-05-13 13:08:00,0.4233,0.4234,0.4233,0.4234,40652.0
2020-05-13 13:09:00,0.4234,0.4248,0.4233,0.4234,16552.0
2020-05-13 13:10:00,0.4248,0.427,0.4241,0.427,24259.0
2020-05-13 13:11:00,0.427,0.4287,0.426,0.427,26625.0
2020-05-13 13:12:00,0.43,0.43,0.43,0.43,40249.0
2020-05-13 13:13:00,0.4282,0.4299,0.4275,0.4299,38705.0
2020-05-13 13:14:00,0.4295,0.432,0.4294,0.432,74114.0
2020-05-13 13:15:00,0.432,0.4379,0.432,0.437,56912.0
2020-05-13 13:16:00,0.4379,0.4379,0.4362,0.4377,93996.0
2020-05-13 13:17:00,0.4377,0.4378,0.437,0.4377,47927.0
2020-05-13 13:18:00,0.4377,0.4377,0.437,0.437,42792.0
2020-05-13 13:19:00,0.4371,0.4378,0.4363,0.4378,51793.0
2020-05-13 13:20:00,0.438,0.438,0.4378,0.438,22170.0
2020-05-13 13:21:00,0.44,0.44,0.44,0.44,36451.0
2020-05-13 13:22:00,0.4398,0.4398,0.439,0.4394,31546.0
2020-05-13 13:23:00,0.4392,0.4392,0.439,0.4391,17856.0
2020-05-13 13:24:00,0.4391,0.4391,0.435,0.4387,58323.0
2020-05-13 13:25:00,0.4388,0.4388,0.434,0.4342,25482.0
2020-05-13 13:26:00,0.435,0.4378,0.434,0.4364,9733.0
2020-05-13 13:27:00,0.4341,0.436,0.434,0.436,39892.0
2020-05-13 13:28:00,0.4343,0.438,0.4343,0.4363,25201.0
2020-05-13 13:29:00,0.4345,0.4367,0.4345,0.4346,2707.0
2020-05-13 13:30:00,0.44,0.44,0.44,0.44,18395.0
2020-05-13 13:31:00,0.4378,0.438,0.4378,0.4379,18634.0
2020-05-13 13:32:00,0.4387,0.4387,0.4383,0.4387,6011.0
2020-05-13 13:33:00,0.4388,0.4388,0.4378,0.4388,12976.0
2020-05-13 13:34:00,0.4387,0.439,0.4378,0.438,13082.0
2020-05-13 13:35:00,0.4389,0.439,0.4381,0.439,11859.0
2020-05-13 13:36:00,0.439,0.4397,0.439,0.4396,5301.0
2020-05-13 13:37:00,0.4397,0.4397,0.439,0.439,13651.0
2020-05-13 13:38:00,0.439,0.444,0.439,0.443,65767.0
2020-05-13 13:39:00,0.443,0.443,0.4429,0.443,25470.0
2020-05-13 13:40:00,0.443,0.447,0.443,0.4461,40392.0
2020-05-13 13:41:00,0.4463,0.4498,0.4384,0.4401,224672.0
2020-05-13 13:42:00,0.4396,0.4396,0.4352,0.4365,31960.0
2020-05-13 13:43:00,0.437,0.44,0.4353,0.44,25604.0
2020-05-13 13:44:00,0.4378,0.4394,0.4359,0.4363,17166.0
2020-05-13 13:45:00,0.4376,0.4376,0.436,0.436,16049.0
2020-05-13 13:46:00,0.4359,0.4364,0.435,0.4357,16847.0
2020-05-13 13:47:00,0.4363,0.4364,0.4356,0.4356,8025.0
2020-05-13 13:48:00,0.436,0.4361,0.436,0.4361,1229.0
2020-05-13 13:49:00,0.44,0.44,0.44,0.44,23626.0
2020-05-13 13:50:00,0.436,0.4399,0.436,0.4381,31177.0
2020-05-13 13:51:00,0.4362,0.4398,0.4362,0.4398,16127.0
2020-05-13 13:52:00,0.4398,0.4398,0.4396,0.4397,11472.0
2020-05-13 13:53:00,0.4397,0.4398,0.4382,0.439,14578.0
2020-05-13 13:54:00,0.439,0.439,0.4382,0.4382,3272.0
2020-05-13 13:55:00,0.4386,0.4386,0.435,0.435,38470.0
2020-05-13 13:56:00,0.4386,0.4387,0.4354,0.4387,4677.0
2020-05-13 13:57:00,0.4387,0.4387,0.4354,0.4364,2565.0
2020-05-13 13:58:00,0.44,0.44,0.44,0.44,3902.0
2020-05-13 13:59:00,0.4364,0.4364,0.4364,0.4364,3360.0
2020-05-13 14:00:00,0.44,0.44,0.44,0.44,9496.0
2020-05-13 14:01:00,0.4386,0.4386,0.4385,0.4385,3745.0
2020-05-13 14:02:00,0.44,0.44,0.44,0.44,10570.0
2020-05-13 14:03:00,0.4385,0.4386,0.4364,0.4386,3167.0
2020-05-13 14:04:00,0.4364,0.4386,0.4364,0.4366,14339.0
2020-05-13 14:05:00,0.4364,0.4386,0.4364,0.4386,22029.0
2020-05-13 14:06:00,0.4385,0.4386,0.4364,0.4374,5209.0
2020-05-13 14:07:00,0.4365,0.4374,0.435,0.4364,24062.0
2020-05-13 14:08:00,0.4356,0.4363,0.435,0.435,8935.0
2020-05-13 14:09:00,0.435,0.4359,0.435,0.4358,3034.0
2020-05-13 14:10:00,0.435,0.4359,0.434,0.4352,21034.0
2020-05-13 14:11:00,0.44,0.44,0.44,0.44,417.0
2020-05-13 14:12:00,0.435,0.4353,0.435,0.4351,2004.0
2020-05-13 14:13:00,0.435,0.4351,0.434,0.4351,1136.0
2020-05-13 14:14:00,0.4348,0.4348,0.4348,0.4348,255.0
2020-05-13 14:15:00,0.434,0.4349,0.434,0.434,7032.0
2020-05-13 14:16:00,0.434,0.4343,0.434,0.4343,7381.0
2020-05-13 14:17:00,0.434,0.4341,0.434,0.4341,29931.0
2020-05-13 14:18:00,0.434,0.4341,0.434,0.434,12476.0
2020-05-13 14:19:00,0.4341,0.4343,0.433,0.4331,41087.0
2020-05-13 14:20:00,0.433,0.4337,0.433,0.4337,35940.0
2020-05-13 14:21:00,0.4331,0.4342,0.43,0.4316,26834.0
2020-05-13 14:22:00,0.4302,0.4332,0.4302,0.4331,5275.0
2020-05-13 14:23:00,0.43,0.4305,0.43,0.43,15965.0
2020-05-13 14:24:00,0.4302,0.4386,0.43,0.43,28250.0
2020-05-13 14:25:00,0.4312,0.4313,0.43,0.43,7480.0
2020-05-13 14:26:00,0.4301,0.4303,0.43,0.43,11696.0
2020-05-13 14:27:00,0.4302,0.4323,0.43,0.43,11028.0
2020-05-13 14:28:00,0.43,0.4305,0.43,0.4305,4275.0
2020-05-13 14:29:00,0.4306,0.4306,0.43,0.43,4710.0
2020-05-13 14:30:00,0.4304,0.4304,0.4303,0.4303,15831.0
2020-05-13 14:31:00,0.43,0.4304,0.43,0.43,7718.0
2020-05-13 14:32:00,0.43,0.4327,0.43,0.4326,14461.0
2020-05-13 14:33:00,0.4327,0.4327,0.4325,0.4326,357.0
2020-05-13 14:34:00,0.43,0.4324,0.43,0.4311,6962.0
2020-05-13 14:36:00,0.4317,0.4324,0.431,0.4316,3486.0
2020-05-13 14:37:00,0.4315,0.4315,0.431,0.4313,11799.0
2020-05-13 14:38:00,0.4311,0.4313,0.43,0.43,27970.0
2020-05-13 14:39:00,0.43,0.43,0.43,0.43,11939.0
2020-05-13 14:40:00,0.4306,0.4313,0.43,0.4313,4976.0
2020-05-13 14:41:00,0.4312,0.4312,0.43,0.4305,20123.0
2020-05-13 14:42:00,0.4313,0.4313,0.4305,0.4312,2533.0
2020-05-13 14:43:00,0.4305,0.436,0.43,0.4358,34490.0
2020-05-13 14:44:00,0.4359,0.44,0.4343,0.4358,3590.0
2020-05-13 14:45:00,0.4334,0.4357,0.431,0.4357,2503.0
2020-05-13 14:46:00,0.4334,0.4357,0.4334,0.4334,1426.0
2020-05-13 14:47:00,0.4334,0.4357,0.4334,0.4357,1102.0
2020-05-13 14:48:00,0.43,0.44,0.43,0.43,31193.0
2020-05-13 14:49:00,0.436,0.436,0.431,0.4335,15640.0
2020-05-13 14:50:00,0.4335,0.435,0.433,0.4339,9999.0
2020-05-13 14:51:00,0.4348,0.4349,0.433,0.4349,6530.0
2020-05-13 14:52:00,0.4351,0.4388,0.4347,0.4351,1388.0
2020-05-13 14:53:00,0.4348,0.4349,0.431,0.4311,2445.0
2020-05-13 14:54:00,0.4319,0.4328,0.431,0.4313,5996.0
2020-05-13 14:55:00,0.432,0.4328,0.4315,0.4327,5434.0
2020-05-13 14:56:00,0.4328,0.4328,0.4326,0.4326,425.0
2020-05-13 14:57:00,0.4313,0.4327,0.4313,0.4326,1695.0
2020-05-13 14:58:00,0.4313,0.4314,0.4313,0.4314,3965.0
2020-05-13 14:59:00,0.4314,0.4325,0.431,0.431,24229.0
2020-05-13 15:00:00,0.43,0.43,0.43,0.43,5511.0
2020-05-13 15:01:00,0.4335,0.4336,0.4325,0.4336,9537.0
2020-05-13 15:02:00,0.4336,0.435,0.4333,0.4336,14543.0
2020-05-13 15:04:00,0.4311,0.4311,0.4311,0.4311,1807.0
2020-05-13 15:05:00,0.43,0.43,0.43,0.43,24827.0
2020-05-13 15:06:00,0.43,0.4309,0.43,0.43,2973.0
2020-05-13 15:07:00,0.4308,0.4309,0.4301,0.4301,4828.0
2020-05-13 15:08:00,0.4309,0.4309,0.4301,0.4301,3103.0
2020-05-13 15:09:00,0.4309,0.4323,0.4301,0.4322,17250.0
2020-05-13 15:10:00,0.43,0.44,0.43,0.43,16992.0
2020-05-13 15:11:00,0.4325,0.4325,0.4321,0.4321,4000.0
2020-05-13 15:12:00,0.4324,0.4325,0.432,0.4324,5754.0
2020-05-13 15:13:00,0.4324,0.4325,0.4324,0.4324,13561.0
2020-05-13 15:14:00,0.4325,0.4325,0.4324,0.4325,4500.0
2020-05-13 15:15:00,0.4325,0.4328,0.4324,0.4328,22657.0
2020-05-13 15:16:00,0.4325,0.434,0.4325,0.4332,4561.0
2020-05-13 15:17:00,0.4325,0.434,0.4325,0.434,9354.0
2020-05-13 15:18:00,0.434,0.4348,0.4327,0.4348,5581.0
2020-05-13 15:19:00,0.4348,0.4348,0.4345,0.4345,2818.0
2020-05-13 15:20:00,0.4348,0.4348,0.4344,0.4347,3311.0
2020-05-13 15:21:00,0.4344,0.4344,0.434,0.434,4983.0
2020-05-13 15:22:00,0.4347,0.4347,0.4346,0.4347,4901.0
2020-05-13 15:23:00,0.4347,0.435,0.434,0.4349,16251.0
2020-05-13 15:24:00,0.4348,0.435,0.434,0.4346,6222.0
2020-05-13 15:25:00,0.434,0.4347,0.433,0.4347,18270.0
2020-05-13 15:26:00,0.433,0.435,0.433,0.435,26353.0
2020-05-13 15:27:00,0.4359,0.4359,0.4351,0.4359,3626.0
2020-05-13 15:28:00,0.4356,0.4358,0.4356,0.4357,5544.0
2020-05-13 15:29:00,0.44,0.44,0.44,0.44,1286.0
2020-05-13 15:30:00,0.4358,0.4358,0.4355,0.4355,9575.0
2020-05-13 15:31:00,0.4356,0.4357,0.4356,0.4357,9561.0
2020-05-13 15:32:00,0.4357,0.4357,0.4357,0.4357,7821.0
2020-05-13 15:33:00,0.4357,0.4357,0.4357,0.4357,12121.0
2020-05-13 15:34:00,0.4357,0.4357,0.4356,0.4357,11878.0
2020-05-13 15:35:00,0.4357,0.4359,0.4357,0.4359,7208.0
2020-05-13 15:36:00,0.4359,0.4359,0.4358,0.4359,7544.0
2020-05-13 15:37:00,0.4359,0.4359,0.4358,0.4358,2856.0
2020-05-13 15:38:00,0.44,0.44,0.44,0.44,11067.0
2020-05-13 15:39:00,0.4358,0.4359,0.4358,0.4359,17593.0
2020-05-13 15:40:00,0.4359,0.4359,0.4358,0.4358,2153.0
2020-05-13 15:41:00,0.4358,0.4359,0.4358,0.4359,601.0
2020-05-13 15:42:00,0.4359,0.4359,0.4358,0.4358,18921.0
2020-05-13 15:43:00,0.4358,0.4359,0.4358,0.4359,5868.0
2020-05-13 15:44:00,0.4358,0.4359,0.4358,0.4359,8579.0
2020-05-13 15:45:00,0.4358,0.4359,0.4358,0.4359,2473.0
2020-05-13 15:46:00,0.4358,0.4359,0.4358,0.4358,8407.0
2020-05-13 15:47:00,0.44,0.44,0.44,0.44,8776.0
2020-05-13 15:48:00,0.4355,0.4359,0.4355,0.4359,12506.0
2020-05-13 15:49:00,0.4357,0.4359,0.4357,0.4359,8311.0
2020-05-13 15:50:00,0.4358,0.436,0.4358,0.436,5547.0
2020-05-13 15:51:00,0.436,0.437,0.4357,0.4358,29875.0
2020-05-13 15:52:00,0.4357,0.4359,0.4357,0.4358,17106.0
2020-05-13 15:53:00,0.4358,0.4358,0.4358,0.4358,10565.0
2020-05-13 15:54:00,0.4358,0.4358,0.4357,0.4357,11592.0
2020-05-13 15:55:00,0.4357,0.438,0.4357,0.438,28617.0
2020-05-13 15:56:00,0.44,0.44,0.44,0.44,90405.0
2020-05-13 15:57:00,0.4386,0.4386,0.4358,0.4364,10029.0
2020-05-13 15:58:00,0.4365,0.4365,0.4362,0.4365,33816.0
2020-05-13 15:59:00,0.4365,0.44,0.4363,0.4373,41489.0
2020-05-13 16:00:00,0.44,0.44,0.44,0.44,49899.0
2020-05-14 09:31:00,0.48,0.484,0.4726,0.4749,3180988.0
2020-05-14 09:32:00,0.4726,0.4749,0.465,0.4672,295143.0
2020-05-14 09:33:00,0.465,0.4651,0.455,0.4576,225371.0
2020-05-14 09:34:00,0.46,0.46,0.46,0.46,56172.0
2020-05-14 09:35:00,0.472,0.472,0.466,0.4672,207865.0
2020-05-14 09:36:00,0.4677,0.478,0.467,0.4739,94394.0
2020-05-14 09:37:00,0.4744,0.4759,0.4739,0.475,81009.0
2020-05-14 09:38:00,0.478,0.478,0.476,0.476,61467.0
2020-05-14 09:39:00,0.476,0.4779,0.4741,0.4755,147645.0
2020-05-14 09:40:00,0.4758,0.477,0.4741,0.476,66170.0
2020-05-14 09:41:00,0.476,0.4769,0.47,0.4728,174216.0
2020-05-14 09:42:00,0.472,0.4786,0.4646,0.4668,102995.0
2020-05-14 09:43:00,0.47,0.47,0.47,0.47,128952.0
2020-05-14 09:44:00,0.4663,0.472,0.4629,0.4697,196602.0
2020-05-14 09:45:00,0.4696,0.4697,0.465,0.467,57757.0
2020-05-14 09:46:00,0.466,0.47,0.466,0.4699,54816.0
2020-05-14 09:47:00,0.47,0.473,0.469,0.4711,69832.0
2020-05-14 09:48:00,0.4729,0.475,0.472,0.475,64304.0
2020-05-14 09:49:00,0.4752,0.4796,0.4746,0.475,68097.0
2020-05-14 09:50:00,0.4748,0.4748,0.47,0.4738,78691.0
2020-05-14 09:51:00,0.4725,0.4739,0.468,0.469,55879.0
2020-05-14 09:52:00,0.47,0.47,0.47,0.47,57916.0
2020-05-14 09:53:00,0.469,0.469,0.468,0.469,66618.0
2020-05-14 09:54:00,0.4681,0.4689,0.468,0.4688,54737.0
2020-05-14 09:55:00,0.467,0.467,0.46,0.462,229243.0
2020-05-14 09:56:00,0.4612,0.4649,0.46,0.4649,69275.0
2020-05-14 09:57:00,0.465,0.465,0.463,0.4638,36742.0
2020-05-14 10:01:00,0.4613,0.4613,0.4613,0.4613,160879.0
2020-05-14 10:02:00,0.4612,0.4626,0.4612,0.4613,46919.0
2020-05-14 10:03:00,0.4613,0.4617,0.4612,0.4617,717.0
2020-05-14 10:04:00,0.4609,0.461,0.45,0.452,174110.0
2020-05-14 10:05:00,0.46,0.46,0.45,0.45,158987.0
2020-05-14 10:06:00,0.4502,0.4549,0.4501,0.4502,56556.0
2020-05-14 10:07:00,0.4547,0.4584,0.4536,0.4542,59044.0
2020-05-14 10:08:00,0.4541,0.4544,0.45,0.45,105187.0
2020-05-14 10:09:00,0.45,0.4544,0.45,0.4535,69368.0
2020-05-14 10:10:00,0.4538,0.455,0.4537,0.455,93896.0
2020-05-14 10:11:00,0.455,0.4597,0.454,0.4576,37888.0
2020-05-14 10:12:00,0.4576,0.46,0.457,0.4599,101303.0
2020-05-14 10:13:00,0.46,0.461,0.4598,0.4609,27358.0
2020-05-14 10:14:00,0.46,0.47,0.46,0.46,38480.0
2020-05-14 10:15:00,0.4606,0.4608,0.4605,0.4608,2665.0
2020-05-14 10:16:00,0.4608,0.4608,0.4607,0.4608,92642.0
2020-05-14 10:17:00,0.4608,0.4626,0.4607,0.4615,60859.0
2020-05-14 10:18:00,0.4615,0.4615,0.461,0.4615,25652.0
2020-05-14 10:19:00,0.4614,0.4627,0.4614,0.4627,22525.0
2020-05-14 10:20:00,0.4626,0.4627,0.4622,0.4627,8453.0
2020-05-14 10:21:00,0.4628,0.4628,0.4627,0.4628,9865.0
2020-05-14 10:22:00,0.4628,0.4628,0.4622,0.4622,62363.0
2020-05-14 10:23:00,0.4623,0.463,0.4615,0.4615,31308.0
2020-05-14 10:24:00,0.4616,0.4616,0.4615,0.4616,27906.0
2020-05-14 10:25:00,0.4616,0.4616,0.4615,0.4616,27085.0
2020-05-14 10:26:00,0.4616,0.4616,0.4615,0.4615,33728.0
2020-05-14 10:27:00,0.4616,0.463,0.4615,0.4629,13311.0
2020-05-14 10:28:00,0.4629,0.463,0.4623,0.463,23652.0
2020-05-14 10:29:00,0.4629,0.463,0.4576,0.4577,73709.0
2020-05-14 10:30:00,0.4577,0.4599,0.456,0.4573,14840.0
2020-05-14 10:31:00,0.4599,0.4599,0.4574,0.458,21001.0
2020-05-14 10:32:00,0.46,0.46,0.46,0.46,17325.0
2020-05-14 10:33:00,0.4599,0.4599,0.459,0.4598,12226.0
2020-05-14 10:34:00,0.4598,0.46,0.459,0.4599,13811.0
2020-05-14 10:35:00,0.4599,0.46,0.4592,0.46,2619.0
2020-05-14 10:36:00,0.46,0.46,0.4591,0.4599,12908.0
2020-05-14 10:37:00,0.4595,0.4599,0.4592,0.4598,9024.0
2020-05-14 10:38:00,0.4598,0.4599,0.4591,0.4599,18173.0
2020-05-14 10:39:00,0.4594,0.4598,0.4592,0.4595,16042.0
2020-05-14 10:40:00,0.4597,0.4599,0.4595,0.4598,18331.0
2020-05-14 10:41:00,0.46,0.46,0.46,0.46,36479.0
2020-05-14 10:42:00,0.4598,0.4599,0.4595,0.4598,38532.0
2020-05-14 10:43:00,0.4598,0.4599,0.4598,0.4599,12736.0
2020-05-14 10:44:00,0.4599,0.4599,0.4598,0.4599,8952.0
2020-05-14 10:45:00,0.4598,0.4598,0.4595,0.4596,15385.0
2020-05-14 10:46:00,0.4597,0.4597,0.459,0.459,11642.0
2020-05-14 10:47:00,0.4591,0.4597,0.457,0.457,27347.0
2020-05-14 10:48:00,0.457,0.457,0.456,0.4562,18410.0
2020-05-14 10:49:00,0.4561,0.457,0.455,0.4554,12277.0
2020-05-14 10:50:00,0.46,0.46,0.46,0.46,12568.0
2020-05-14 10:51:00,0.4552,0.457,0.4552,0.4559,35708.0
2020-05-14 10:52:00,0.456,0.456,0.4558,0.456,11040.0
2020-05-14 10:53:00,0.456,0.4598,0.456,0.4597,32678.0
2020-05-14 10:54:00,0.4597,0.4597,0.4575,0.4586,16109.0
2020-05-14 10:55:00,0.4575,0.4579,0.4565,0.457,24177.0
2020-05-14 10:56:00,0.4569,0.457,0.4569,0.457,4799.0
2020-05-14 10:57:00,0.457,0.459,0.456,0.459,79563.0
2020-05-14 10:58:00,0.4573,0.4587,0.4573,0.4587,17479.0
2020-05-14 10:59:00,0.4574,0.4588,0.455,0.4587,34603.0
2020-05-14 11:00:00,0.46,0.46,0.46,0.46,40294.0
2020-05-14 11:01:00,0.4585,0.4585,0.451,0.4511,43313.0
2020-05-14 11:02:00,0.4587,0.4629,0.4544,0.4587,91380.0
2020-05-14 11:03:00,0.4584,0.4584,0.449,0.45,54330.0
2020-05-14 11:04:00,0.45,0.46,0.45,0.46,9346.0
2020-05-14 11:05:00,0.457,0.457,0.452,0.452,7225.0
2020-05-14 11:06:00,0.4521,0.455,0.45,0.4521,50925.0
2020-05-14 11:07:00,0.4521,0.4521,0.45,0.4521,36158.0
2020-05-14 11:08:00,0.4521,0.4548,0.452,0.4548,17032.0
2020-05-14 11:09:00,0.4521,0.4588,0.4521,0.4586,77639.0
2020-05-14 11:10:00,0.4587,0.4588,0.4554,0.4582,38255.0
2020-05-14 11:11:00,0.458,0.4587,0.456,0.4572,28282.0
2020-05-14 11:12:00,0.4573,0.462,0.4545,0.4558,67779.0
2020-05-14 11:13:00,0.46,0.46,0.45,0.46,10826.0
2020-05-14 11:14:00,0.4503,0.455,0.45,0.45,48869.0
2020-05-14 11:15:00,0.45,0.4507,0.45,0.4501,25008.0
2020-05-14 11:16:00,0.451,0.451,0.451,0.451,12376.0
2020-05-14 11:17:00,0.4511,0.4548,0.4511,0.452,8896.0
2020-05-14 11:18:00,0.455,0.455,0.452,0.4547,20156.0
2020-05-14 11:19:00,0.4547,0.4548,0.4519,0.4529,11588.0
2020-05-14 11:20:00,0.4514,0.4547,0.4513,0.4517,28237.0
2020-05-14 11:21:00,0.4516,0.4517,0.45,0.4517,61133.0
2020-05-14 11:22:00,0.45,0.46,0.45,0.45,25668.0
2020-05-14 11:23:00,0.4516,0.4517,0.45,0.45,18224.0
2020-05-14 11:24:00,0.4512,0.4517,0.45,0.4513,15996.0
2020-05-14 11:25:00,0.4501,0.4513,0.45,0.4513,13084.0
2020-05-14 11:26:00,0.4513,0.4513,0.4501,0.4513,9479.0
2020-05-14 11:27:00,0.4513,0.4513,0.4512,0.4513,9055.0
2020-05-14 11:28:00,0.4513,0.4513,0.4512,0.4513,9090.0
2020-05-14 11:29:00,0.4513,0.452,0.4512,0.4512,13307.0
2020-05-14 11:30:00,0.4517,0.453,0.4514,0.453,24391.0
2020-05-14 11:31:00,0.4529,0.453,0.4519,0.4529,11248.0
2020-05-14 11:32:00,0.4529,0.453,0.452,0.453,6972.0
2020-05-14 11:33:00,0.453,0.4548,0.453,0.4546,19431.0
2020-05-14 11:34:00,0.4547,0.4548,0.4541,0.4547,8035.0
2020-05-14 11:35:00,0.4548,0.4575,0.4546,0.4561,190558.0
2020-05-14 11:36:00,0.4561,0.4561,0.455,0.4556,18383.0
2020-05-14 11:37:00,0.456,0.456,0.4556,0.456,11004.0
2020-05-14 11:38:00,0.456,0.457,0.456,0.457,41543.0
2020-05-14 11:39:00,0.457,0.4598,0.456,0.4561,136058.0
2020-05-14 11:40:00,0.4561,0.4561,0.453,0.453,14608.0
2020-05-14 11:41:00,0.4548,0.46,0.4539,0.4598,119856.0
2020-05-14 11:42:00,0.4574,0.4599,0.4574,0.4589,8861.0
2020-05-14 11:43:00,0.4579,0.4589,0.457,0.4588,9793.0
2020-05-14 11:44:00,0.4569,0.4583,0.4558,0.458,11318.0
2020-05-14 11:45:00,0.458,0.458,0.4575,0.4578,12855.0
2020-05-14 11:46:00,0.4579,0.4579,0.4572,0.4575,6793.0
2020-05-14 11:47:00,0.456,0.456,0.453,0.453,7987.0
2020-05-14 11:48:00,0.4525,0.4534,0.452,0.4534,52847.0
2020-05-14 11:49:00,0.4534,0.4534,0.4533,0.4534,11163.0
2020-05-14 11:50:00,0.4533,0.4533,0.452,0.4521,53423.0
2020-05-14 11:51:00,0.4521,0.4521,0.452,0.4521,20628.0
2020-05-14 11:52:00,0.4521,0.4521,0.452,0.4521,21627.0
2020-05-14 11:53:00,0.4521,0.4521,0.452,0.4521,17149.0
2020-05-14 11:54:00,0.452,0.4521,0.452,0.4521,27283.0
2020-05-14 11:55:00,0.4521,0.4532,0.452,0.4532,28360.0
2020-05-14 11:56:00,0.4533,0.4533,0.453,0.4532,7837.0
2020-05-14 11:57:00,0.4532,0.454,0.452,0.452,46345.0
2020-05-14 11:58:00,0.4531,0.4531,0.4526,0.4526,1759.0
2020-05-14 11:59:00,0.453,0.454,0.4528,0.454,8999.0
2020-05-14 12:00:00,0.45,0.45,0.45,0.45,10168.0
2020-05-14 12:01:00,0.4533,0.4539,0.4526,0.4539,10253.0
2020-05-14 12:02:00,0.4538,0.454,0.4533,0.4533,19364.0
2020-05-14 12:03:00,0.454,0.455,0.4534,0.455,10692.0
2020-05-14 12:04:00,0.455,0.455,0.454,0.455,11897.0
2020-05-14 12:05:00,0.454,0.456,0.454,0.4559,4482.0
2020-05-14 12:06:00,0.4562,0.4603,0.4542,0.4558,122175.0
2020-05-14 12:07:00,0.4527,0.4552,0.4527,0.4544,6312.0
2020-05-14 12:08:00,0.4545,0.4545,0.4499,0.4501,120469.0
2020-05-14 12:09:00,0.4501,0.453,0.45,0.4507,15434.0
2020-05-14 12:10:00,0.4518,0.4529,0.4507,0.4511,9662.0
2020-05-14 12:11:00,0.4529,0.4529,0.4508,0.4528,6915.0
2020-05-14 12:12:00,0.45,0.46,0.45,0.45,15736.0
2020-05-14 12:13:00,0.4527,0.4531,0.4527,0.4531,11123.0
2020-05-14 12:14:00,0.4531,0.454,0.4531,0.4539,12823.0
2020-05-14 12:15:00,0.453,0.455,0.453,0.453,32180.0
2020-05-14 12:16:00,0.455,0.456,0.4542,0.456,7016.0
2020-05-14 12:17:00,0.456,0.457,0.4554,0.4555,10621.0
2020-05-14 12:18:00,0.4574,0.4574,0.4568,0.4569,6528.0
2020-05-14 12:19:00,0.4574,0.461,0.4573,0.461,60484.0
2020-05-14 12:20:00,0.461,0.466,0.461,0.465,60377.0
2020-05-14 12:21:00,0.465,0.465,0.4639,0.4649,22482.0
2020-05-14 12:22:00,0.4649,0.4649,0.4622,0.4627,21301.0
2020-05-14 12:23:00,0.4649,0.4649,0.4636,0.4647,18617.0
2020-05-14 12:24:00,0.4625,0.466,0.4623,0.466,128671.0
2020-05-14 12:25:00,0.4655,0.466,0.4641,0.4658,78932.0
2020-05-14 12:26:00,0.4659,0.4659,0.464,0.4658,19143.0
2020-05-14 12:27:00,0.4651,0.4659,0.4623,0.4654,18156.0
2020-05-14 12:28:00,0.4652,0.4659,0.4623,0.4658,20042.0
2020-05-14 12:29:00,0.4659,0.468,0.4626,0.468,117104.0
2020-05-14 12:30:00,0.47,0.47,0.47,0.47,38582.0
2020-05-14 12:31:00,0.4679,0.468,0.4661,0.4679,62769.0
2020-05-14 12:32:00,0.4679,0.4684,0.4679,0.468,36249.0
2020-05-14 12:33:00,0.468,0.47,0.4679,0.47,29289.0
2020-05-14 12:34:00,0.47,0.4729,0.468,0.4728,99310.0
2020-05-14 12:35:00,0.4705,0.4729,0.4705,0.4728,18985.0
2020-05-14 12:36:00,0.474,0.475,0.4732,0.475,35216.0
2020-05-14 12:37:00,0.475,0.477,0.4749,0.4761,61886.0
2020-05-14 12:38:00,0.4765,0.477,0.4763,0.4763,73339.0
2020-05-14 12:41:00,0.4786,0.48,0.4785,0.4795,475645.0
2020-05-14 12:42:00,0.48,0.48,0.479,0.48,68623.0
2020-05-14 12:43:00,0.48,0.48,0.475,0.475,176214.0
2020-05-14 12:44:00,0.4751,0.477,0.475,0.4769,120119.0
2020-05-14 12:45:00,0.4751,0.477,0.4751,0.4751,35377.0
2020-05-14 12:46:00,0.477,0.477,0.474,0.475,44174.0
2020-05-14 12:47:00,0.475,0.475,0.4651,0.4652,176162.0
2020-05-14 12:48:00,0.4651,0.4699,0.4651,0.466,68361.0
2020-05-14 12:49:00,0.47,0.47,0.46,0.47,87514.0
2020-05-14 12:50:00,0.4644,0.4645,0.4606,0.4627,28547.0
2020-05-14 12:51:00,0.4628,0.4699,0.4607,0.465,85037.0
2020-05-14 12:52:00,0.4698,0.4699,0.465,0.4663,45253.0
2020-05-14 12:53:00,0.465,0.4686,0.465,0.465,2942.0
2020-05-14 12:54:00,0.468,0.468,0.4665,0.468,26946.0
2020-05-14 12:55:00,0.4679,0.469,0.4679,0.469,37887.0
2020-05-14 12:56:00,0.469,0.4699,0.468,0.468,31360.0
2020-05-14 12:57:00,0.4698,0.4699,0.4657,0.4689,18280.0
2020-05-14 12:58:00,0.47,0.47,0.47,0.47,17517.0
2020-05-14 12:59:00,0.4698,0.4699,0.4692,0.4698,17157.0
2020-05-14 13:00:00,0.47,0.48,0.47,0.47,16119.0
2020-05-14 13:01:00,0.472,0.474,0.4716,0.4731,9404.0
2020-05-14 13:02:00,0.4739,0.474,0.4735,0.4739,5675.0
2020-05-14 13:03:00,0.4738,0.4739,0.473,0.4739,10586.0
2020-05-14 13:04:00,0.472,0.472,0.47,0.4703,17657.0
2020-05-14 13:05:00,0.4703,0.4705,0.4695,0.4703,15162.0
2020-05-14 13:06:00,0.4703,0.4718,0.4697,0.4718,13712.0
2020-05-14 13:07:00,0.4718,0.4719,0.4715,0.4716,11445.0
2020-05-14 13:08:00,0.4718,0.4762,0.4699,0.4701,23704.0
2020-05-14 13:09:00,0.4659,0.4699,0.4655,0.4683,1168.0
2020-05-14 13:10:00,0.4683,0.47,0.4653,0.47,33800.0
2020-05-14 13:11:00,0.47,0.48,0.47,0.47,12147.0
2020-05-14 13:12:00,0.4717,0.4717,0.47,0.4713,20764.0
2020-05-14 13:13:00,0.4713,0.475,0.4708,0.4748,29719.0
2020-05-14 13:14:00,0.4749,0.4749,0.4714,0.4715,6630.0
2020-05-14 13:15:00,0.4749,0.4749,0.472,0.4748,8744.0
2020-05-14 13:16:00,0.4748,0.4749,0.472,0.4749,13757.0
2020-05-14 13:17:00,0.4726,0.4748,0.4726,0.4731,12380.0
2020-05-14 13:18:00,0.4731,0.4747,0.4731,0.4746,6484.0
2020-05-14 13:19:00,0.4746,0.4747,0.4739,0.4746,23069.0
2020-05-14 13:20:00,0.4745,0.4746,0.4739,0.4739,10562.0
2020-05-14 13:21:00,0.4741,0.4741,0.473,0.473,8176.0
2020-05-14 13:22:00,0.4711,0.4767,0.4698,0.4719,33229.0
2020-05-14 13:23:00,0.4664,0.4717,0.4664,0.47,7662.0
2020-05-14 13:24:00,0.47,0.47,0.4667,0.47,37565.0
2020-05-14 13:25:00,0.4699,0.47,0.4667,0.4674,2612.0
2020-05-14 13:26:00,0.47,0.47,0.4686,0.4698,6752.0
2020-05-14 13:27:00,0.4692,0.47,0.4692,0.47,6459.0
2020-05-14 13:28:00,0.47,0.47,0.4697,0.47,2793.0
2020-05-14 13:29:00,0.4698,0.4699,0.4698,0.4699,1868.0
2020-05-14 13:30:00,0.4698,0.4699,0.4697,0.4699,5306.0
2020-05-14 13:31:00,0.4698,0.47,0.4696,0.47,80053.0
2020-05-14 13:32:00,0.4699,0.47,0.4699,0.47,2211.0
2020-05-14 13:33:00,0.47,0.47,0.4698,0.4698,4858.0
2020-05-14 13:34:00,0.47,0.47,0.4698,0.4699,6848.0
2020-05-14 13:35:00,0.4699,0.47,0.4667,0.4698,35055.0
2020-05-14 13:36:00,0.4679,0.4679,0.4667,0.4667,13001.0
2020-05-14 13:37:00,0.4669,0.467,0.4668,0.467,6749.0
2020-05-14 13:38:00,0.4668,0.467,0.4668,0.467,12047.0
2020-05-14 13:39:00,0.47,0.47,0.47,0.47,15711.0
2020-05-14 13:40:00,0.4668,0.467,0.4667,0.4667,7882.0
2020-05-14 13:41:00,0.4697,0.4699,0.467,0.4698,7707.0
2020-05-14 13:42:00,0.4698,0.4699,0.4675,0.4696,4317.0
2020-05-14 13:43:00,0.4684,0.4697,0.4684,0.4696,8048.0
2020-05-14 13:44:00,0.4696,0.4697,0.467,0.4689,8369.0
2020-05-14 13:45:00,0.4695,0.4695,0.467,0.4694,2838.0
2020-05-14 13:46:00,0.4695,0.4697,0.467,0.4671,20055.0
2020-05-14 13:47:00,0.4697,0.4697,0.469,0.4693,17198.0
2020-05-14 13:48:00,0.47,0.47,0.47,0.47,26429.0
2020-05-14 13:49:00,0.4692,0.47,0.4692,0.47,31770.0
2020-05-14 13:50:00,0.4698,0.4717,0.4698,0.4717,86548.0
2020-05-14 13:51:00,0.4718,0.4767,0.4715,0.4767,130770.0
2020-05-14 13:52:00,0.475,0.478,0.475,0.478,46988.0
2020-05-14 13:53:00,0.4775,0.4795,0.4761,0.4761,51361.0
2020-05-14 13:54:00,0.4761,0.4761,0.4726,0.475,34504.0
2020-05-14 13:55:00,0.4725,0.4749,0.47,0.4739,27368.0
2020-05-14 13:56:00,0.4739,0.4739,0.47,0.4701,20694.0
2020-05-14 13:57:00,0.47,0.48,0.47,0.47,14165.0
2020-05-14 13:58:00,0.472,0.4738,0.472,0.4736,17244.0
2020-05-14 13:59:00,0.4727,0.4734,0.4702,0.4734,12651.0
2020-05-14 14:00:00,0.47,0.47,0.47,0.47,41140.0
2020-05-14 14:01:00,0.47,0.48,0.47,0.47,15331.0
2020-05-14 14:02:00,0.4714,0.475,0.4693,0.4693,20562.0
2020-05-14 14:03:00,0.475,0.475,0.4701,0.4701,9233.0
2020-05-14 14:04:00,0.474,0.474,0.4702,0.4739,23349.0
2020-05-14 14:05:00,0.474,0.474,0.4712,0.474,6271.0
2020-05-14 14:06:00,0.4739,0.474,0.4714,0.4716,37577.0
2020-05-14 14:07:00,0.4715,0.4728,0.47,0.4715,45869.0
2020-05-14 14:08:00,0.4712,0.4716,0.4708,0.471,23489.0
2020-05-14 14:09:00,0.4713,0.4713,0.47,0.4711,16171.0
2020-05-14 14:10:00,0.471,0.4712,0.471,0.4711,9395.0
2020-05-14 14:11:00,0.471,0.471,0.47,0.4701,15389.0
2020-05-14 14:12:00,0.4709,0.4709,0.47,0.47,10223.0
2020-05-14 14:13:00,0.4701,0.4701,0.467,0.4678,38191.0
2020-05-14 14:14:00,0.4672,0.4721,0.4664,0.467,47248.0
2020-05-14 14:15:00,0.4646,0.4667,0.4624,0.4646,8998.0
2020-05-14 14:16:00,0.4646,0.4673,0.4646,0.4672,24930.0
2020-05-14 14:17:00,0.4673,0.4673,0.4649,0.4673,24908.0
2020-05-14 14:18:00,0.4673,0.4673,0.4611,0.4613,128772.0
2020-05-14 14:19:00,0.4672,0.4672,0.463,0.465,19669.0
2020-05-14 14:20:00,0.465,0.467,0.465,0.467,4904.0
2020-05-14 14:21:00,0.4656,0.467,0.4656,0.4662,20300.0
2020-05-14 14:22:00,0.4669,0.4669,0.46,0.4605,84708.0
2020-05-14 14:23:00,0.4662,0.4662,0.462,0.4649,5385.0
2020-05-14 14:24:00,0.4642,0.465,0.4642,0.4646,11134.0
2020-05-14 14:25:00,0.4646,0.465,0.4606,0.465,60114.0
2020-05-14 14:26:00,0.4648,0.465,0.4648,0.465,7700.0
2020-05-14 14:27:00,0.465,0.465,0.465,0.465,15832.0
2020-05-14 14:28:00,0.465,0.465,0.4649,0.4649,13202.0
2020-05-14 14:29:00,0.47,0.47,0.46,0.46,110124.0
2020-05-14 14:30:00,0.4648,0.4649,0.4645,0.4648,13673.0
2020-05-14 14:31:00,0.4647,0.4647,0.46,0.4626,9404.0
2020-05-14 14:32:00,0.4646,0.4646,0.4625,0.464,6865.0
2020-05-14 14:33:00,0.4644,0.4644,0.4635,0.4642,3434.0
2020-05-14 14:34:00,0.4641,0.4642,0.46,0.46,30262.0
2020-05-14 14:35:00,0.4639,0.464,0.46,0.4601,10355.0
2020-05-14 14:36:00,0.4601,0.4639,0.4601,0.4602,22821.0
2020-05-14 14:37:00,0.4605,0.4639,0.4605,0.4605,24806.0
2020-05-14 14:38:00,0.46,0.47,0.46,0.46,141536.0
2020-05-14 14:39:00,0.4624,0.4632,0.4624,0.4632,5044.0
2020-05-14 14:40:00,0.4624,0.4632,0.4621,0.4626,12670.0
2020-05-14 14:41:00,0.4629,0.4629,0.462,0.4625,9401.0
2020-05-14 14:42:00,0.4621,0.4627,0.461,0.4625,36617.0
2020-05-14 14:43:00,0.4624,0.4625,0.4613,0.4613,5772.0
2020-05-14 14:44:00,0.4611,0.4613,0.46,0.461,19675.0
2020-05-14 14:45:00,0.461,0.4611,0.461,0.461,5956.0
2020-05-14 14:46:00,0.4613,0.4613,0.4596,0.4596,7252.0
2020-05-14 14:47:00,0.46,0.46,0.46,0.46,20592.0
2020-05-14 14:48:00,0.4584,0.4584,0.4552,0.4582,6922.0
2020-05-14 14:49:00,0.4568,0.4583,0.4554,0.4583,19057.0
2020-05-14 14:50:00,0.4571,0.4583,0.456,0.4583,21136.0
2020-05-14 14:51:00,0.4583,0.4583,0.4565,0.4565,17004.0
2020-05-14 14:52:00,0.458,0.461,0.4565,0.4609,53476.0
2020-05-14 14:53:00,0.4608,0.4609,0.4577,0.4608,8057.0
2020-05-14 14:54:00,0.4608,0.4609,0.46,0.4601,24124.0
2020-05-14 14:55:00,0.4609,0.4609,0.46,0.4609,26195.0
2020-05-14 14:56:00,0.46,0.46,0.46,0.46,20797.0
2020-05-14 14:57:00,0.4607,0.4609,0.4606,0.4608,18888.0
2020-05-14 14:58:00,0.4609,0.4609,0.4606,0.4606,15796.0
2020-05-14 14:59:00,0.4606,0.4607,0.4606,0.4607,11317.0
2020-05-14 15:00:00,0.46,0.46,0.46,0.46,8971.0
2020-05-14 15:01:00,0.4607,0.4607,0.4606,0.4607,2900.0
2020-05-14 15:02:00,0.4606,0.4606,0.4601,0.4601,14273.0
2020-05-14 15:03:00,0.4604,0.465,0.4601,0.465,118372.0
2020-05-14 15:04:00,0.4601,0.4648,0.4601,0.4648,52186.0
2020-05-14 15:05:00,0.463,0.4649,0.463,0.464,13158.0
2020-05-14 15:06:00,0.4648,0.47,0.464,0.4698,123590.0
2020-05-14 15:07:00,0.4698,0.4698,0.4659,0.4697,60835.0
2020-05-14 15:08:00,0.4697,0.4697,0.468,0.469,15234.0
2020-05-14 15:09:00,0.469,0.469,0.465,0.4662,14050.0
2020-05-14 15:10:00,0.4658,0.466,0.4655,0.466,35992.0
2020-05-14 15:11:00,0.4658,0.4659,0.465,0.4651,20366.0
2020-05-14 15:12:00,0.4661,0.4703,0.4642,0.4649,64193.0
2020-05-14 15:13:00,0.4636,0.4648,0.4599,0.4643,44443.0
2020-05-14 15:14:00,0.4623,0.4644,0.4532,0.4551,150764.0
2020-05-14 15:15:00,0.4639,0.4684,0.4564,0.4633,82297.0
2020-05-14 15:16:00,0.4633,0.4677,0.4594,0.4601,15017.0
2020-05-14 15:17:00,0.4599,0.4599,0.456,0.4599,5892.0
2020-05-14 15:18:00,0.4561,0.4599,0.4561,0.4598,4391.0
2020-05-14 15:19:00,0.46,0.46,0.46,0.46,51329.0
2020-05-14 15:20:00,0.4593,0.4593,0.4576,0.4591,36986.0
2020-05-14 15:21:00,0.4591,0.4591,0.4561,0.4561,12795.0
2020-05-14 15:22:00,0.4574,0.4597,0.4566,0.4591,32016.0
2020-05-14 15:23:00,0.4589,0.459,0.4566,0.458,19440.0
2020-05-14 15:24:00,0.458,0.458,0.4574,0.458,9220.0
2020-05-14 15:25:00,0.4576,0.4596,0.4576,0.459,10902.0
2020-05-14 15:26:00,0.4595,0.4595,0.459,0.4591,21204.0
2020-05-14 15:27:00,0.4595,0.4598,0.4589,0.4598,43691.0
2020-05-14 15:28:00,0.46,0.46,0.46,0.46,6257.0
2020-05-14 15:29:00,0.4597,0.461,0.4595,0.4598,40259.0
2020-05-14 15:30:00,0.46,0.461,0.4599,0.46,4519.0
2020-05-14 15:31:00,0.4605,0.462,0.4601,0.4615,31653.0
2020-05-14 15:32:00,0.4611,0.4615,0.4611,0.4615,10098.0
2020-05-14 15:33:00,0.4615,0.4615,0.4615,0.4615,1922.0
2020-05-14 15:34:00,0.4614,0.4615,0.4598,0.4598,9817.0
2020-05-14 15:35:00,0.46,0.46,0.4598,0.4598,2183.0
2020-05-14 15:36:00,0.4597,0.4599,0.4571,0.4593,28583.0
2020-05-14 15:37:00,0.46,0.46,0.46,0.46,12359.0
2020-05-14 15:38:00,0.4568,0.459,0.4568,0.4589,13636.0
2020-05-14 15:39:00,0.4589,0.4589,0.4567,0.4568,16015.0
2020-05-14 15:40:00,0.4568,0.4568,0.4546,0.4559,35131.0
2020-05-14 15:41:00,0.4559,0.4559,0.4559,0.4559,176.0
2020-05-14 15:42:00,0.4559,0.4559,0.455,0.455,10609.0
2020-05-14 15:43:00,0.4546,0.455,0.4546,0.4548,6477.0
2020-05-14 15:44:00,0.4547,0.455,0.4547,0.4549,16435.0
2020-05-14 15:45:00,0.455,0.458,0.455,0.4578,8872.0
2020-05-14 15:46:00,0.46,0.46,0.46,0.46,33576.0
2020-05-14 15:47:00,0.4579,0.459,0.4578,0.459,26227.0
2020-05-14 15:48:00,0.4588,0.459,0.4586,0.459,13031.0
2020-05-14 15:49:00,0.459,0.459,0.458,0.459,30943.0
2020-05-14 15:50:00,0.4585,0.4599,0.4582,0.4589,29340.0
2020-05-14 15:51:00,0.4585,0.4585,0.458,0.4584,10238.0
2020-05-14 15:52:00,0.4583,0.4583,0.4574,0.4574,5248.0
2020-05-14 15:53:00,0.456,0.4571,0.455,0.4569,49665.0
2020-05-14 15:54:00,0.4569,0.4569,0.455,0.4566,23671.0
2020-05-14 15:55:00,0.46,0.46,0.46,0.46,19776.0
2020-05-14 15:56:00,0.4559,0.4569,0.455,0.4559,4218.0
2020-05-14 15:57:00,0.4552,0.4569,0.455,0.4551,17064.0
2020-05-14 15:58:00,0.4568,0.4597,0.455,0.4595,67307.0
2020-05-14 15:59:00,0.4596,0.4596,0.4554,0.459,25925.0
2020-05-14 16:00:00,0.46,0.46,0.46,0.46,57088.0
2020-05-15 09:31:00,0.4852,0.4907,0.4746,0.4853,2764421.0
2020-05-15 09:32:00,0.4862,0.4988,0.4848,0.4939,184015.0
2020-05-15 09:33:00,0.47,0.48,0.47,0.48,274414.0
2020-05-15 09:34:00,0.4799,0.4945,0.4796,0.4899,128500.0
2020-05-15 09:35:00,0.487,0.489,0.48,0.48,112353.0
2020-05-15 09:36:00,0.4849,0.485,0.48,0.4801,68369.0
2020-05-15 09:37:00,0.4833,0.487,0.4801,0.4851,86233.0
2020-05-15 09:38:00,0.487,0.487,0.485,0.4855,116461.0
2020-05-15 09:39:00,0.486,0.49,0.485,0.4875,223061.0
2020-05-15 09:40:00,0.4875,0.49,0.485,0.488,176667.0
2020-05-15 09:41:00,0.488,0.488,0.482,0.4842,92152.0
2020-05-15 09:42:00,0.48,0.49,0.48,0.48,207899.0
2020-05-15 09:43:00,0.4799,0.4799,0.478,0.4794,39130.0
2020-05-15 09:44:00,0.4795,0.4795,0.477,0.4789,32118.0
2020-05-15 09:45:00,0.4788,0.48,0.4771,0.48,98534.0
2020-05-15 09:46:00,0.48,0.48,0.477,0.48,45497.0
2020-05-15 09:47:00,0.48,0.487,0.4799,0.487,103910.0
2020-05-15 09:48:00,0.4872,0.4917,0.4856,0.4862,90274.0
2020-05-15 09:49:00,0.485,0.489,0.483,0.489,70779.0
2020-05-15 09:50:00,0.485,0.489,0.4834,0.4834,113947.0
2020-05-15 09:51:00,0.49,0.49,0.49,0.49,45929.0
2020-05-15 09:52:00,0.4866,0.4868,0.479,0.479,132734.0
2020-05-15 09:53:00,0.4831,0.4836,0.477,0.48,25318.0
2020-05-15 09:54:00,0.4799,0.4799,0.4768,0.4768,26378.0
2020-05-15 09:55:00,0.4768,0.48,0.4768,0.4794,21908.0
2020-05-15 09:56:00,0.4781,0.48,0.478,0.479,32130.0
2020-05-15 09:57:00,0.4798,0.4799,0.4781,0.479,55908.0
2020-05-15 09:58:00,0.479,0.4799,0.479,0.4793,24825.0
2020-05-15 09:59:00,0.4791,0.4798,0.4775,0.4794,60873.0
2020-05-15 10:00:00,0.48,0.48,0.48,0.48,25236.0
2020-05-15 10:01:00,0.4793,0.4793,0.472,0.472,58540.0
2020-05-15 10:02:00,0.472,0.4748,0.4711,0.4711,42330.0
2020-05-15 10:03:00,0.471,0.4747,0.471,0.4715,37103.0
2020-05-15 10:04:00,0.4711,0.4746,0.471,0.4735,95750.0
2020-05-15 10:05:00,0.4736,0.4745,0.472,0.4721,13291.0
2020-05-15 10:06:00,0.4745,0.4745,0.472,0.4731,43530.0
2020-05-15 10:07:00,0.4726,0.476,0.4722,0.4751,53069.0
2020-05-15 10:08:00,0.4751,0.478,0.4743,0.4773,67094.0
2020-05-15 10:09:00,0.478,0.478,0.4765,0.4774,33837.0
2020-05-15 10:10:00,0.4773,0.4779,0.474,0.4778,41814.0
2020-05-15 10:11:00,0.4778,0.4778,0.4739,0.474,15503.0
2020-05-15 10:12:00,0.4737,0.4759,0.473,0.473,14944.0
2020-05-15 10:13:00,0.4731,0.4768,0.472,0.4756,62312.0
2020-05-15 10:14:00,0.4744,0.4768,0.473,0.4731,50382.0
2020-05-15 10:15:00,0.473,0.4769,0.472,0.4763,81372.0
2020-05-15 10:16:00,0.4762,0.4765,0.4755,0.476,10438.0
2020-05-15 10:17:00,0.4767,0.4809,0.4764,0.4767,58054.0
2020-05-15 10:18:00,0.476,0.4764,0.4742,0.4756,22725.0
2020-05-15 10:19:00,0.4757,0.476,0.4742,0.4756,12385.0
2020-05-15 10:20:00,0.4758,0.4759,0.4702,0.473,52777.0
2020-05-15 10:21:00,0.4748,0.4749,0.4702,0.4741,40932.0
2020-05-15 10:22:00,0.47,0.48,0.47,0.47,98129.0
2020-05-15 10:23:00,0.4721,0.474,0.47,0.4728,150308.0
2020-05-15 10:24:00,0.4721,0.4774,0.4688,0.4711,78193.0
2020-05-15 10:25:00,0.4681,0.4682,0.465,0.4676,112425.0
2020-05-15 10:26:00,0.4673,0.4676,0.4644,0.4658,37772.0
2020-05-15 10:27:00,0.4658,0.4658,0.463,0.463,134500.0
2020-05-15 10:28:00,0.463,0.4648,0.461,0.463,39529.0
2020-05-15 10:29:00,0.461,0.4679,0.461,0.4653,52020.0
2020-05-15 10:30:00,0.4665,0.4679,0.465,0.4678,34234.0
2020-05-15 10:31:00,0.47,0.47,0.47,0.47,37539.0
2020-05-15 10:32:00,0.467,0.468,0.466,0.467,40051.0
2020-05-15 10:33:00,0.4679,0.4689,0.465,0.4678,22969.0
2020-05-15 10:34:00,0.4677,0.4677,0.465,0.466,30452.0
2020-05-15 10:35:00,0.4651,0.4658,0.461,0.4611,49292.0
2020-05-15 10:36:00,0.4612,0.465,0.4611,0.4649,49678.0
2020-05-15 10:37:00,0.4649,0.466,0.4616,0.4648,58818.0
2020-05-15 10:38:00,0.4633,0.4649,0.4631,0.464,34538.0
2020-05-15 10:39:00,0.464,0.467,0.464,0.467,32536.0
2020-05-15 10:40:00,0.47,0.48,0.47,0.47,62159.0
2020-05-15 10:41:00,0.4709,0.473,0.47,0.473,14307.0
2020-05-15 10:42:00,0.4729,0.473,0.471,0.471,4048.0
2020-05-15 10:43:00,0.4711,0.473,0.47,0.4728,28605.0
2020-05-15 10:44:00,0.471,0.4729,0.4709,0.4721,14249.0
2020-05-15 10:45:00,0.4721,0.4727,0.47,0.4714,18812.0
2020-05-15 10:46:00,0.4725,0.4725,0.47,0.4713,15227.0
2020-05-15 10:47:00,0.472,0.472,0.4712,0.4715,5966.0
2020-05-15 10:48:00,0.4715,0.4715,0.4712,0.4713,10142.0
2020-05-15 10:49:00,0.471,0.472,0.47,0.4717,18558.0
2020-05-15 10:50:00,0.471,0.4739,0.47,0.472,32305.0
2020-05-15 10:51:00,0.4721,0.4725,0.4702,0.471,25591.0
2020-05-15 10:52:00,0.4723,0.4725,0.4703,0.4705,9163.0
2020-05-15 10:53:00,0.471,0.4725,0.4704,0.4704,3361.0
2020-05-15 10:54:00,0.4704,0.4725,0.4704,0.4724,14818.0
2020-05-15 10:55:00,0.4705,0.4724,0.4703,0.472,6558.0
2020-05-15 10:56:00,0.4712,0.4724,0.4703,0.4724,12035.0
2020-05-15 10:57:00,0.4704,0.4725,0.4704,0.4723,6449.0
2020-05-15 10:58:00,0.4724,0.4724,0.4714,0.4724,11255.0
2020-05-15 10:59:00,0.47,0.48,0.47,0.47,6769.0
2020-05-15 11:00:00,0.47,0.47,0.47,0.47,11599.0
2020-05-15 11:01:00,0.4759,0.4759,0.4723,0.4746,22739.0
2020-05-15 11:02:00,0.4745,0.4765,0.4745,0.4765,37264.0
2020-05-15 11:03:00,0.48,0.48,0.48,0.48,30981.0
2020-05-15 11:04:00,0.4769,0.478,0.4759,0.4763,18739.0
2020-05-15 11:05:00,0.4779,0.4779,0.4759,0.4759,5139.0
2020-05-15 11:06:00,0.4759,0.477,0.4751,0.476,27122.0
2020-05-15 11:07:00,0.4777,0.4778,0.4751,0.4777,18070.0
2020-05-15 11:08:00,0.4777,0.4778,0.4762,0.4778,16991.0
2020-05-15 11:09:00,0.4778,0.4778,0.477,0.477,72794.0
2020-05-15 11:10:00,0.477,0.4777,0.4762,0.4769,15186.0
2020-05-15 11:11:00,0.477,0.477,0.4762,0.477,16319.0
2020-05-15 11:12:00,0.48,0.48,0.48,0.48,16036.0
2020-05-15 11:13:00,0.4765,0.4765,0.475,0.4761,36317.0
2020-05-15 11:14:00,0.4759,0.4763,0.4751,0.4751,10738.0
2020-05-15 11:15:00,0.4763,0.4801,0.4763,0.4801,94809.0
2020-05-15 11:16:00,0.481,0.4824,0.4807,0.4816,13725.0
2020-05-15 11:17:00,0.4807,0.485,0.4806,0.483,54495.0
2020-05-15 11:18:00,0.4812,0.485,0.4812,0.484,38777.0
2020-05-15 11:19:00,0.484,0.486,0.484,0.485,57134.0
2020-05-15 11:20:00,0.485,0.491,0.485,0.4899,216437.0
2020-05-15 11:21:00,0.49,0.49,0.4826,0.483,104512.0
2020-05-15 11:22:00,0.484,0.49,0.483,0.4845,40819.0
2020-05-15 11:23:00,0.4845,0.4899,0.4845,0.4875,27846.0
2020-05-15 11:24:00,0.4875,0.4899,0.4851,0.4865,29179.0
2020-05-15 11:25:00,0.487,0.489,0.4861,0.4868,80823.0
2020-05-15 11:26:00,0.4869,0.4869,0.4851,0.4851,41151.0
2020-05-15 11:27:00,0.4851,0.4869,0.4849,0.485,37732.0
2020-05-15 11:28:00,0.485,0.485,0.48,0.4829,122326.0
2020-05-15 11:29:00,0.4801,0.483,0.4801,0.4829,21529.0
2020-05-15 11:30:00,0.4825,0.483,0.4816,0.4825,9442.0
2020-05-15 11:31:00,0.4817,0.4824,0.4814,0.4823,28411.0
2020-05-15 11:32:00,0.4814,0.4825,0.4814,0.4814,9099.0
2020-05-15 11:33:00,0.4814,0.482,0.4802,0.4802,15780.0
2020-05-15 11:34:00,0.4803,0.482,0.4802,0.4802,17514.0
2020-05-15 11:35:00,0.4806,0.4809,0.479,0.479,29720.0
2020-05-15 11:36:00,0.479,0.4793,0.4778,0.478,16762.0
2020-05-15 11:37:00,0.4778,0.4779,0.477,0.477,26285.0
2020-05-15 11:38:00,0.4771,0.4771,0.4753,0.4753,8886.0
2020-05-15 11:39:00,0.4772,0.4772,0.4753,0.4753,16463.0
2020-05-15 11:40:00,0.4753,0.4755,0.474,0.475,75022.0
2020-05-15 11:41:00,0.474,0.475,0.4706,0.4708,60933.0
2020-05-15 11:42:00,0.4708,0.4743,0.4708,0.4742,14365.0
2020-05-15 11:43:00,0.4727,0.4743,0.4711,0.4743,23163.0
2020-05-15 11:44:00,0.4742,0.475,0.472,0.472,32045.0
2020-05-15 11:45:00,0.4749,0.475,0.4712,0.4737,8086.0
2020-05-15 11:46:00,0.4723,0.475,0.4704,0.472,107872.0
2020-05-15 11:47:00,0.4739,0.4739,0.4705,0.4705,16393.0
2020-05-15 11:48:00,0.4712,0.4718,0.4705,0.471,15317.0
2020-05-15 11:49:00,0.4714,0.4718,0.471,0.4712,33416.0
2020-05-15 11:50:00,0.4718,0.473,0.4715,0.473,107641.0
2020-05-15 11:51:00,0.4722,0.476,0.4722,0.476,69419.0
2020-05-15 11:52:00,0.475,0.4797,0.474,0.4769,35533.0
2020-05-15 11:53:00,0.4797,0.4797,0.4741,0.4747,16045.0
2020-05-15 11:54:00,0.478,0.478,0.478,0.478,1375.0
2020-05-15 11:55:00,0.475,0.478,0.475,0.478,16774.0
2020-05-15 11:56:00,0.478,0.479,0.4751,0.4789,26259.0
2020-05-15 11:57:00,0.4756,0.479,0.4755,0.4789,23333.0
2020-05-15 11:58:00,0.48,0.48,0.48,0.48,22434.0
2020-05-15 11:59:00,0.476,0.4779,0.475,0.4777,28689.0
2020-05-15 12:00:00,0.48,0.48,0.47,0.47,16388.0
2020-05-15 12:01:00,0.472,0.4723,0.4715,0.4722,5661.0
2020-05-15 12:02:00,0.4748,0.4748,0.4747,0.4747,1924.0
2020-05-15 12:03:00,0.4747,0.4748,0.4736,0.4747,5655.0
2020-05-15 12:04:00,0.4748,0.4748,0.4725,0.4745,9197.0
2020-05-15 12:05:00,0.4735,0.4745,0.4735,0.4744,11354.0
2020-05-15 12:06:00,0.4745,0.4745,0.4735,0.4735,717.0
2020-05-15 12:07:00,0.4735,0.4745,0.4735,0.4745,5554.0
2020-05-15 12:08:00,0.4745,0.475,0.4735,0.4739,49310.0
2020-05-15 12:09:00,0.4738,0.4755,0.4738,0.4755,17962.0
2020-05-15 12:10:00,0.4755,0.4755,0.475,0.4754,6535.0
2020-05-15 12:11:00,0.475,0.4754,0.4735,0.4745,26910.0
2020-05-15 12:12:00,0.4753,0.4753,0.4726,0.4726,12834.0
2020-05-15 12:13:00,0.4745,0.4745,0.4735,0.4735,7034.0
2020-05-15 12:14:00,0.4745,0.4745,0.4711,0.4711,35150.0
2020-05-15 12:15:00,0.4726,0.474,0.4712,0.4726,5008.0
2020-05-15 12:16:00,0.4725,0.4725,0.4713,0.472,15334.0
2020-05-15 12:17:00,0.4721,0.4742,0.47,0.4702,124880.0
2020-05-15 12:18:00,0.4701,0.4739,0.47,0.4701,16441.0
2020-05-15 12:19:00,0.4701,0.4702,0.47,0.4702,23270.0
2020-05-15 12:20:00,0.47,0.48,0.47,0.47,26478.0
2020-05-15 12:21:00,0.472,0.4727,0.4704,0.472,15057.0
2020-05-15 12:22:00,0.4705,0.4725,0.4705,0.4725,3326.0
2020-05-15 12:23:00,0.4725,0.4725,0.4711,0.4711,4797.0
2020-05-15 12:24:00,0.4712,0.474,0.4712,0.4729,19817.0
2020-05-15 12:25:00,0.4729,0.473,0.4713,0.473,11211.0
2020-05-15 12:26:00,0.4714,0.473,0.4714,0.4728,12436.0
2020-05-15 12:27:00,0.4725,0.4729,0.4722,0.4727,17161.0
2020-05-15 12:28:00,0.4725,0.474,0.4712,0.472,28383.0
2020-05-15 12:29:00,0.4725,0.4725,0.47,0.4701,22783.0
2020-05-15 12:30:00,0.472,0.4725,0.469,0.4694,61827.0
2020-05-15 12:31:00,0.4688,0.47,0.467,0.4699,42135.0
2020-05-15 12:32:00,0.4699,0.4796,0.467,0.4789,94941.0
2020-05-15 12:33:00,0.4789,0.4789,0.4675,0.4709,37694.0
2020-05-15 12:34:00,0.4701,0.4758,0.47,0.4701,3122.0
2020-05-15 12:35:00,0.4727,0.475,0.4727,0.474,2941.0
2020-05-15 12:36:00,0.475,0.475,0.4709,0.471,6526.0
2020-05-15 12:37:00,0.473,0.475,0.4705,0.4705,5967.0
2020-05-15 12:38:00,0.475,0.475,0.4701,0.4701,13033.0
2020-05-15 12:39:00,0.47,0.48,0.47,0.47,5856.0
2020-05-15 12:40:00,0.4702,0.4745,0.4701,0.4724,8690.0
2020-05-15 12:41:00,0.4703,0.4745,0.4703,0.4703,1166.0
2020-05-15 12:42:00,0.4718,0.4721,0.4703,0.4712,26681.0
2020-05-15 12:43:00,0.4712,0.4712,0.4701,0.4701,32814.0
2020-05-15 12:44:00,0.4712,0.4712,0.4701,0.4712,4144.0
2020-05-15 12:45:00,0.4707,0.472,0.4702,0.4702,12702.0
2020-05-15 12:46:00,0.4705,0.472,0.4702,0.4711,20539.0
2020-05-15 12:47:00,0.4719,0.4719,0.4706,0.4719,1960.0
2020-05-15 12:48:00,0.47,0.48,0.47,0.47,3711.0
2020-05-15 12:49:00,0.4705,0.4717,0.4702,0.4714,8170.0
2020-05-15 12:50:00,0.4714,0.4715,0.4702,0.4702,9759.0
2020-05-15 12:51:00,0.4702,0.4715,0.4702,0.4704,7759.0
2020-05-15 12:52:00,0.4701,0.4741,0.469,0.4691,77877.0
2020-05-15 12:53:00,0.468,0.468,0.467,0.4675,30672.0
2020-05-15 12:54:00,0.468,0.4705,0.467,0.4704,38238.0
2020-05-15 12:55:00,0.4702,0.4705,0.47,0.47,8885.0
2020-05-15 12:56:00,0.47,0.4702,0.468,0.468,25762.0
2020-05-15 12:57:00,0.47,0.47,0.47,0.47,22955.0
2020-05-15 12:58:00,0.4695,0.471,0.4695,0.471,33563.0
2020-05-15 12:59:00,0.471,0.471,0.4701,0.4703,3965.0
2020-05-15 13:00:00,0.47,0.47,0.47,0.47,22839.0
2020-05-15 13:01:00,0.47,0.48,0.47,0.47,15022.0
2020-05-15 13:02:00,0.4705,0.4705,0.4702,0.4704,3841.0
2020-05-15 13:03:00,0.4702,0.4704,0.4701,0.4702,26626.0
2020-05-15 13:04:00,0.4702,0.4704,0.4702,0.4704,19431.0
2020-05-15 13:05:00,0.4703,0.471,0.4702,0.4707,6437.0
2020-05-15 13:06:00,0.4709,0.471,0.4709,0.4709,17060.0
2020-05-15 13:07:00,0.4709,0.471,0.4709,0.4709,6936.0
2020-05-15 13:08:00,0.471,0.4719,0.4709,0.4719,15016.0
2020-05-15 13:09:00,0.4718,0.4725,0.471,0.471,15558.0
2020-05-15 13:10:00,0.472,0.473,0.471,0.471,10670.0
2020-05-15 13:11:00,0.4731,0.48,0.4711,0.4711,50973.0
2020-05-15 13:12:00,0.476,0.4784,0.4716,0.4738,2254.0
2020-05-15 13:13:00,0.474,0.476,0.474,0.4745,4624.0
2020-05-15 13:14:00,0.4753,0.4759,0.4745,0.4749,6800.0
2020-05-15 13:15:00,0.474,0.4758,0.4711,0.475,22887.0
2020-05-15 13:16:00,0.475,0.475,0.472,0.472,6354.0
2020-05-15 13:17:00,0.4725,0.4725,0.4715,0.4716,7121.0
2020-05-15 13:18:00,0.4715,0.4725,0.4702,0.4714,28684.0
2020-05-15 13:19:00,0.4725,0.4739,0.4714,0.4738,3855.0
2020-05-15 13:20:00,0.4715,0.4739,0.4715,0.4717,1166.0
2020-05-15 13:21:00,0.472,0.473,0.4702,0.471,18993.0
2020-05-15 13:22:00,0.471,0.4729,0.471,0.4729,1321.0
2020-05-15 13:23:00,0.4722,0.4729,0.4722,0.4722,3859.0
2020-05-15 13:24:00,0.4722,0.4739,0.472,0.4727,17220.0
2020-05-15 13:25:00,0.4722,0.4739,0.472,0.4738,9893.0
2020-05-15 13:26:00,0.4721,0.4722,0.472,0.4722,4802.0
2020-05-15 13:27:00,0.4739,0.4751,0.4723,0.4751,14144.0
2020-05-15 13:28:00,0.4724,0.4751,0.472,0.472,20917.0
2020-05-15 13:29:00,0.4722,0.4748,0.4722,0.4748,4941.0
2020-05-15 13:30:00,0.4726,0.4748,0.4726,0.4741,16678.0
2020-05-15 13:31:00,0.474,0.474,0.4722,0.4732,24429.0
2020-05-15 13:32:00,0.4728,0.4732,0.472,0.4722,5240.0
2020-05-15 13:33:00,0.4721,0.474,0.471,0.4711,96431.0
2020-05-15 13:34:00,0.471,0.472,0.471,0.4719,3334.0
2020-05-15 13:35:00,0.4715,0.4734,0.4715,0.473,2614.0
2020-05-15 13:36:00,0.4712,0.4721,0.4711,0.4712,9697.0
2020-05-15 13:37:00,0.4729,0.473,0.4711,0.4729,14463.0
2020-05-15 13:38:00,0.4729,0.473,0.4729,0.4729,9307.0
2020-05-15 13:39:00,0.4729,0.4734,0.4729,0.4734,20222.0
2020-05-15 13:40:00,0.4734,0.474,0.473,0.473,7684.0
2020-05-15 13:41:00,0.4731,0.4731,0.4731,0.4731,765.0
2020-05-15 13:42:00,0.4739,0.4745,0.4738,0.4745,11654.0
2020-05-15 13:43:00,0.4742,0.475,0.4742,0.4748,9782.0
2020-05-15 13:44:00,0.4755,0.479,0.475,0.4774,45237.0
2020-05-15 13:45:00,0.4796,0.4796,0.4753,0.4773,18543.0
2020-05-15 13:46:00,0.4758,0.4774,0.4754,0.4774,8154.0
2020-05-15 13:47:00,0.48,0.48,0.48,0.48,3891.0
2020-05-15 13:48:00,0.4796,0.4796,0.4775,0.478,9842.0
2020-05-15 13:49:00,0.478,0.4796,0.4775,0.4775,22474.0
2020-05-15 13:50:00,0.4781,0.4796,0.4776,0.4796,14761.0
2020-05-15 13:51:00,0.4796,0.4798,0.479,0.479,8517.0
2020-05-15 13:52:00,0.479,0.48,0.4775,0.4777,41941.0
2020-05-15 13:53:00,0.4755,0.48,0.4755,0.478,17150.0
2020-05-15 13:54:00,0.4781,0.483,0.478,0.4823,51816.0
2020-05-15 13:55:00,0.4815,0.4836,0.4815,0.4815,19164.0
2020-05-15 13:56:00,0.4815,0.4836,0.4815,0.483,23890.0
2020-05-15 13:57:00,0.4817,0.4836,0.4817,0.4836,25578.0
2020-05-15 13:58:00,0.483,0.4836,0.4817,0.4836,102100.0
2020-05-15 13:59:00,0.4817,0.483,0.4816,0.4817,14809.0
2020-05-15 14:00:00,0.48,0.48,0.48,0.48,82269.0
2020-05-15 14:01:00,0.4818,0.4829,0.4817,0.4817,5915.0
2020-05-15 14:02:00,0.4818,0.4836,0.4818,0.4825,59687.0
2020-05-15 14:03:00,0.4821,0.4836,0.4818,0.4829,63975.0
2020-05-15 14:04:00,0.4818,0.4836,0.4818,0.4825,103959.0
2020-05-15 14:05:00,0.4825,0.483,0.4819,0.483,5821.0
2020-05-15 14:06:00,0.483,0.483,0.4819,0.4825,3984.0
2020-05-15 14:07:00,0.4825,0.483,0.4816,0.4817,17628.0
2020-05-15 14:08:00,0.483,0.485,0.4813,0.482,116938.0
2020-05-15 14:09:00,0.482,0.4845,0.4816,0.4816,15169.0
2020-05-15 14:10:00,0.4817,0.483,0.4817,0.4821,36649.0
2020-05-15 14:11:00,0.4823,0.485,0.4821,0.485,94685.0
2020-05-15 14:12:00,0.4821,0.483,0.4816,0.482,3521.0
2020-05-15 14:13:00,0.4812,0.482,0.481,0.481,24057.0
2020-05-15 14:14:00,0.482,0.482,0.4812,0.4819,28428.0
2020-05-15 14:15:00,0.482,0.482,0.4812,0.4818,13109.0
2020-05-15 14:16:00,0.482,0.482,0.4815,0.4818,9977.0
2020-05-15 14:17:00,0.4815,0.482,0.4812,0.482,34201.0
2020-05-15 14:18:00,0.4816,0.4825,0.4812,0.4817,24712.0
2020-05-15 14:19:00,0.4825,0.4825,0.4812,0.4825,27971.0
2020-05-15 14:20:00,0.4812,0.485,0.481,0.4825,65475.0
2020-05-15 14:21:00,0.4814,0.4814,0.4812,0.4812,13358.0
2020-05-15 14:22:00,0.4813,0.482,0.4813,0.482,8589.0
2020-05-15 14:23:00,0.482,0.485,0.482,0.4834,26206.0
2020-05-15 14:24:00,0.4835,0.485,0.4834,0.4834,13593.0
2020-05-15 14:25:00,0.4849,0.4849,0.4849,0.4849,181.0
2020-05-15 14:26:00,0.4849,0.4849,0.4834,0.484,4577.0
2020-05-15 14:27:00,0.4849,0.4849,0.483,0.483,8240.0
2020-05-15 14:28:00,0.483,0.4831,0.482,0.4829,36686.0
2020-05-15 14:29:00,0.482,0.485,0.4819,0.4828,110908.0
2020-05-15 14:30:00,0.4829,0.485,0.4829,0.4831,16737.0
2020-05-15 14:31:00,0.485,0.4859,0.4825,0.4857,47406.0
2020-05-15 14:32:00,0.4859,0.4897,0.485,0.4896,61591.0
2020-05-15 14:33:00,0.4897,0.4897,0.4878,0.4892,6057.0
2020-05-15 14:34:00,0.4891,0.4897,0.4863,0.4891,6356.0
2020-05-15 14:35:00,0.4883,0.4899,0.4883,0.489,20508.0
2020-05-15 14:36:00,0.4898,0.4899,0.489,0.4899,27374.0
2020-05-15 14:37:00,0.49,0.5,0.49,0.49,203013.0
2020-05-15 14:38:00,0.4924,0.4947,0.4915,0.492,16214.0
2020-05-15 14:39:00,0.492,0.4947,0.492,0.4929,13867.0
2020-05-15 14:40:00,0.4929,0.495,0.4925,0.4941,109460.0
2020-05-15 14:41:00,0.495,0.496,0.4941,0.4954,69651.0
2020-05-15 14:42:00,0.4954,0.4974,0.495,0.4974,44591.0
2020-05-15 14:43:00,0.4975,0.498,0.4973,0.4973,39975.0
2020-05-15 14:44:00,0.4974,0.4976,0.497,0.4976,65635.0
2020-05-15 14:45:00,0.4975,0.499,0.4975,0.4975,160253.0
2020-05-15 14:46:00,0.5,0.5,0.5,0.5,59925.0
2020-05-15 14:47:00,0.4981,0.499,0.495,0.497,100101.0
2020-05-15 14:48:00,0.495,0.4988,0.495,0.497,65603.0
2020-05-15 14:49:00,0.4972,0.4974,0.488,0.4891,148174.0
2020-05-15 14:50:00,0.489,0.4969,0.489,0.4969,51526.0
2020-05-15 14:51:00,0.49,0.4968,0.49,0.494,14044.0
2020-05-15 14:52:00,0.494,0.4968,0.494,0.4951,29210.0
2020-05-15 14:53:00,0.4951,0.4956,0.4951,0.4954,38355.0
2020-05-15 14:54:00,0.4954,0.4955,0.494,0.494,28033.0
2020-05-15 14:55:00,0.49,0.5,0.49,0.49,113077.0
2020-05-15 14:56:00,0.4939,0.4939,0.4925,0.4927,27666.0
2020-05-15 14:57:00,0.4927,0.493,0.49,0.49,84220.0
2020-05-15 14:58:00,0.4899,0.49,0.4882,0.4882,162463.0
2020-05-15 14:59:00,0.4882,0.493,0.4851,0.493,38811.0
2020-05-15 15:00:00,0.49,0.49,0.49,0.49,27248.0
2020-05-15 15:01:00,0.4889,0.4929,0.4889,0.49,48727.0
2020-05-15 15:02:00,0.4881,0.49,0.485,0.4899,28905.0
2020-05-15 15:03:00,0.4875,0.49,0.485,0.4898,12878.0
2020-05-15 15:04:00,0.4881,0.4942,0.4862,0.4901,40655.0
2020-05-15 15:05:00,0.4881,0.49,0.4878,0.4887,19671.0
2020-05-15 15:06:00,0.4895,0.4947,0.4846,0.49,75363.0
2020-05-15 15:07:00,0.4873,0.4897,0.486,0.4893,24060.0
2020-05-15 15:08:00,0.4893,0.4895,0.4875,0.4887,23957.0
2020-05-15 15:09:00,0.49,0.49,0.49,0.49,21711.0
2020-05-15 15:10:00,0.4887,0.4898,0.4887,0.4889,13602.0
2020-05-15 15:11:00,0.4889,0.4898,0.4889,0.4893,12867.0
2020-05-15 15:12:00,0.4893,0.4893,0.485,0.4881,27925.0
2020-05-15 15:13:00,0.488,0.4898,0.488,0.4898,63778.0
2020-05-15 15:14:00,0.4887,0.4898,0.4887,0.4898,12020.0
2020-05-15 15:15:00,0.4897,0.4898,0.4897,0.4897,2499.0
2020-05-15 15:16:00,0.4895,0.4898,0.4894,0.4898,11386.0
2020-05-15 15:17:00,0.4898,0.49,0.4897,0.4898,37150.0
2020-05-15 15:18:00,0.49,0.5,0.49,0.49,53283.0
2020-05-15 15:19:00,0.4919,0.495,0.4919,0.493,63963.0
2020-05-15 15:20:00,0.495,0.495,0.4926,0.4949,18063.0
2020-05-15 15:21:00,0.4949,0.496,0.4938,0.4952,84235.0
2020-05-15 15:22:00,0.4952,0.4958,0.4926,0.4934,77169.0
2020-05-15 15:23:00,0.4949,0.4949,0.493,0.493,26516.0
2020-05-15 15:24:00,0.4935,0.498,0.493,0.4961,95458.0
2020-05-15 15:25:00,0.495,0.496,0.4944,0.4954,25857.0
2020-05-15 15:26:00,0.4957,0.4985,0.4954,0.498,130222.0
2020-05-15 15:27:00,0.5,0.5,0.5,0.5,143471.0
2020-05-15 15:28:00,0.4985,0.4995,0.4985,0.4988,59799.0
2020-05-15 15:29:00,0.499,0.499,0.4985,0.499,138567.0
2020-05-15 15:30:00,0.4989,0.499,0.4976,0.4976,38509.0
2020-05-15 15:31:00,0.4978,0.498,0.4975,0.4975,47703.0
2020-05-15 15:32:00,0.4976,0.4977,0.495,0.495,35235.0
2020-05-15 15:33:00,0.4951,0.497,0.4931,0.4961,103543.0
2020-05-15 15:34:00,0.4931,0.495,0.4931,0.494,38863.0
2020-05-15 15:35:00,0.4932,0.495,0.4925,0.4925,32366.0
2020-05-15 15:36:00,0.49,0.5,0.49,0.49,11689.0
2020-05-15 15:37:00,0.4901,0.4929,0.4901,0.4912,37990.0
2020-05-15 15:38:00,0.492,0.492,0.4891,0.4891,77137.0
2020-05-15 15:39:00,0.49,0.4942,0.4881,0.492,44046.0
2020-05-15 15:40:00,0.49,0.492,0.49,0.4916,10562.0
2020-05-15 15:41:00,0.49,0.492,0.49,0.492,30295.0
2020-05-15 15:42:00,0.492,0.492,0.4916,0.4916,24021.0
2020-05-15 15:43:00,0.492,0.492,0.4916,0.4918,21885.0
2020-05-15 15:44:00,0.492,0.4944,0.4918,0.4944,59904.0
2020-05-15 15:45:00,0.4942,0.496,0.4942,0.4945,79112.0
2020-05-15 15:46:00,0.4946,0.496,0.4946,0.4959,24584.0
2020-05-15 15:47:00,0.4948,0.4953,0.4946,0.4946,34605.0
2020-05-15 15:48:00,0.4947,0.4949,0.493,0.4943,17795.0
2020-05-15 15:49:00,0.493,0.4939,0.492,0.4927,34271.0
2020-05-15 15:50:00,0.4926,0.4929,0.4925,0.4926,22482.0
2020-05-15 15:51:00,0.4925,0.4925,0.491,0.491,31924.0
2020-05-15 15:52:00,0.4905,0.4909,0.4861,0.4891,142005.0
2020-05-15 15:53:00,0.4864,0.4899,0.4864,0.489,57672.0
2020-05-15 15:54:00,0.49,0.49,0.49,0.49,59154.0
2020-05-15 15:55:00,0.4873,0.4873,0.484,0.486,42211.0
2020-05-15 15:56:00,0.4867,0.4869,0.4855,0.4866,14650.0
2020-05-15 15:57:00,0.4866,0.4869,0.4855,0.486,37819.0
2020-05-15 15:58:00,0.4859,0.49,0.4858,0.4879,96694.0
2020-05-15 15:59:00,0.49,0.491,0.4889,0.49,52139.0
2020-05-15 16:00:00,0.49,0.49,0.49,0.49,56343.0
